
/home/felixo/my-programs/Neo6502-NES/firmware/build/audio_blink.elf:     file format elf32-littlearm

Sections:
Idx Name          Size      VMA       LMA       File off  Algn
  0 .boot2        00000100  10000000  10000000  00001000  2**0
                  CONTENTS, ALLOC, LOAD, READONLY, CODE
  1 .text         000016c4  10000100  10000100  00001100  2**3
                  CONTENTS, ALLOC, LOAD, READONLY, CODE
  2 .rodata       000000dc  100017c4  100017c4  000027c4  2**2
                  CONTENTS, ALLOC, LOAD, READONLY, DATA
  3 .binary_info  0000001c  100018a0  100018a0  000028a0  2**2
                  CONTENTS, ALLOC, LOAD, READONLY, DATA
  4 .ram_vector_table 000000c0  20000000  20000000  00004000  2**2
                  ALLOC
  5 .uninitialized_data 00000000  200000c0  200000c0  000031ec  2**0
                  CONTENTS
  6 .data         0000012c  200000c0  100018bc  000030c0  2**4
                  CONTENTS, ALLOC, LOAD, READONLY, CODE
  7 .tdata        00000000  200001ec  200001ec  000031ec  2**0
                  CONTENTS, ALLOC, LOAD, DATA, THREAD_LOCAL
  8 .tbss         00000000  200001ec  200001ec  00000000  2**0
                  ALLOC, THREAD_LOCAL
  9 .bss          00000580  200001f0  100019e8  000031f0  2**3
                  ALLOC
 10 .heap         00000800  20000770  20000770  000031ec  2**2
                  CONTENTS, READONLY
 11 .scratch_x    00000000  20040000  20040000  000039ec  2**0
                  CONTENTS
 12 .scratch_y    00000000  20041000  20041000  000039ec  2**0
                  CONTENTS
 13 .stack_dummy  00000800  20041000  20041000  00003a00  2**5
                  CONTENTS, READONLY
 14 .ARM.attributes 00000028  00000000  00000000  00004200  2**0
                  CONTENTS, READONLY
 15 .comment      0000001e  00000000  00000000  00004228  2**0
                  CONTENTS, READONLY
 16 .debug_info   0001ac12  00000000  00000000  00004246  2**0
                  CONTENTS, READONLY, DEBUGGING, OCTETS
 17 .debug_abbrev 0000504d  00000000  00000000  0001ee58  2**0
                  CONTENTS, READONLY, DEBUGGING, OCTETS
 18 .debug_loclists 0000fed8  00000000  00000000  00023ea5  2**0
                  CONTENTS, READONLY, DEBUGGING, OCTETS
 19 .debug_aranges 00000f78  00000000  00000000  00033d80  2**3
                  CONTENTS, READONLY, DEBUGGING, OCTETS
 20 .debug_rnglists 00002b1b  00000000  00000000  00034cf8  2**0
                  CONTENTS, READONLY, DEBUGGING, OCTETS
 21 .debug_line   00014ba0  00000000  00000000  00037813  2**0
                  CONTENTS, READONLY, DEBUGGING, OCTETS
 22 .debug_str    0000475a  00000000  00000000  0004c3b3  2**0
                  CONTENTS, READONLY, DEBUGGING, OCTETS
 23 .debug_frame  00001b28  00000000  00000000  00050b10  2**2
                  CONTENTS, READONLY, DEBUGGING, OCTETS
 24 .debug_line_str 0000027c  00000000  00000000  00052638  2**0
                  CONTENTS, READONLY, DEBUGGING, OCTETS

/home/felixo/my-programs/Neo6502-NES/firmware/build/audio_blink.elf:     file format elf32-littlearm


Disassembly of section .boot2:

10000000 <__boot2_start__>:
10000000:	4b32b500 	.word	0x4b32b500
10000004:	60582021 	.word	0x60582021
10000008:	21026898 	.word	0x21026898
1000000c:	60984388 	.word	0x60984388
10000010:	611860d8 	.word	0x611860d8
10000014:	4b2e6158 	.word	0x4b2e6158
10000018:	60992100 	.word	0x60992100
1000001c:	61592102 	.word	0x61592102
10000020:	22f02101 	.word	0x22f02101
10000024:	492b5099 	.word	0x492b5099
10000028:	21016019 	.word	0x21016019
1000002c:	20356099 	.word	0x20356099
10000030:	f844f000 	.word	0xf844f000
10000034:	42902202 	.word	0x42902202
10000038:	2106d014 	.word	0x2106d014
1000003c:	f0006619 	.word	0xf0006619
10000040:	6e19f834 	.word	0x6e19f834
10000044:	66192101 	.word	0x66192101
10000048:	66182000 	.word	0x66182000
1000004c:	f000661a 	.word	0xf000661a
10000050:	6e19f82c 	.word	0x6e19f82c
10000054:	6e196e19 	.word	0x6e196e19
10000058:	f0002005 	.word	0xf0002005
1000005c:	2101f82f 	.word	0x2101f82f
10000060:	d1f94208 	.word	0xd1f94208
10000064:	60992100 	.word	0x60992100
10000068:	6019491b 	.word	0x6019491b
1000006c:	60592100 	.word	0x60592100
10000070:	481b491a 	.word	0x481b491a
10000074:	21016001 	.word	0x21016001
10000078:	21eb6099 	.word	0x21eb6099
1000007c:	21a06619 	.word	0x21a06619
10000080:	f0006619 	.word	0xf0006619
10000084:	2100f812 	.word	0x2100f812
10000088:	49166099 	.word	0x49166099
1000008c:	60014814 	.word	0x60014814
10000090:	60992101 	.word	0x60992101
10000094:	2800bc01 	.word	0x2800bc01
10000098:	4700d000 	.word	0x4700d000
1000009c:	49134812 	.word	0x49134812
100000a0:	c8036008 	.word	0xc8036008
100000a4:	8808f380 	.word	0x8808f380
100000a8:	b5034708 	.word	0xb5034708
100000ac:	20046a99 	.word	0x20046a99
100000b0:	d0fb4201 	.word	0xd0fb4201
100000b4:	42012001 	.word	0x42012001
100000b8:	bd03d1f8 	.word	0xbd03d1f8
100000bc:	6618b502 	.word	0x6618b502
100000c0:	f7ff6618 	.word	0xf7ff6618
100000c4:	6e18fff2 	.word	0x6e18fff2
100000c8:	bd026e18 	.word	0xbd026e18
100000cc:	40020000 	.word	0x40020000
100000d0:	18000000 	.word	0x18000000
100000d4:	00070000 	.word	0x00070000
100000d8:	005f0300 	.word	0x005f0300
100000dc:	00002221 	.word	0x00002221
100000e0:	180000f4 	.word	0x180000f4
100000e4:	a0002022 	.word	0xa0002022
100000e8:	10000100 	.word	0x10000100
100000ec:	e000ed08 	.word	0xe000ed08
	...
100000fc:	7a4eb274 	.word	0x7a4eb274

Disassembly of section .text:

10000100 <__VECTOR_TABLE>:
10000100:	20042000 	.word	0x20042000
10000104:	100001f7 	.word	0x100001f7
10000108:	100001c3 	.word	0x100001c3
1000010c:	100001c5 	.word	0x100001c5
10000110:	100001c1 	.word	0x100001c1
10000114:	100001c1 	.word	0x100001c1
10000118:	100001c1 	.word	0x100001c1
1000011c:	100001c1 	.word	0x100001c1
10000120:	100001c1 	.word	0x100001c1
10000124:	100001c1 	.word	0x100001c1
10000128:	100001c1 	.word	0x100001c1
1000012c:	100001c7 	.word	0x100001c7
10000130:	100001c1 	.word	0x100001c1
10000134:	100001c1 	.word	0x100001c1
10000138:	100001c9 	.word	0x100001c9
1000013c:	100001cb 	.word	0x100001cb
10000140:	100001cd 	.word	0x100001cd
10000144:	100001cd 	.word	0x100001cd
10000148:	100001cd 	.word	0x100001cd
1000014c:	100001cd 	.word	0x100001cd
10000150:	100001cd 	.word	0x100001cd
10000154:	100001cd 	.word	0x100001cd
10000158:	100001cd 	.word	0x100001cd
1000015c:	100001cd 	.word	0x100001cd
10000160:	100001cd 	.word	0x100001cd
10000164:	100001cd 	.word	0x100001cd
10000168:	100001cd 	.word	0x100001cd
1000016c:	100001cd 	.word	0x100001cd
10000170:	100001cd 	.word	0x100001cd
10000174:	100001cd 	.word	0x100001cd
10000178:	100001cd 	.word	0x100001cd
1000017c:	100001cd 	.word	0x100001cd
10000180:	100001cd 	.word	0x100001cd
10000184:	100001cd 	.word	0x100001cd
10000188:	100001cd 	.word	0x100001cd
1000018c:	100001cd 	.word	0x100001cd
10000190:	100001cd 	.word	0x100001cd
10000194:	100001cd 	.word	0x100001cd
10000198:	100001cd 	.word	0x100001cd
1000019c:	100001cd 	.word	0x100001cd
100001a0:	100001cd 	.word	0x100001cd
100001a4:	100001cd 	.word	0x100001cd
100001a8:	100001cd 	.word	0x100001cd
100001ac:	100001cd 	.word	0x100001cd
100001b0:	100001cd 	.word	0x100001cd
100001b4:	100001cd 	.word	0x100001cd
100001b8:	100001cd 	.word	0x100001cd
100001bc:	100001cd 	.word	0x100001cd

100001c0 <isr_invalid>:
100001c0:	be00      	bkpt	0x0000

100001c2 <isr_nmi>:
100001c2:	be00      	bkpt	0x0000

100001c4 <isr_hardfault>:
100001c4:	be00      	bkpt	0x0000

100001c6 <isr_svcall>:
100001c6:	be00      	bkpt	0x0000

100001c8 <isr_pendsv>:
100001c8:	be00      	bkpt	0x0000

100001ca <isr_systick>:
100001ca:	be00      	bkpt	0x0000

100001cc <__unhandled_user_irq>:
100001cc:	f3ef 8005 	mrs	r0, IPSR
100001d0:	3810      	subs	r0, #16

100001d2 <unhandled_user_irq_num_in_r0>:
100001d2:	be00      	bkpt	0x0000

100001d4 <binary_info_header>:
100001d4:	7188ebf2 	.word	0x7188ebf2
100001d8:	100018a0 	.word	0x100018a0
100001dc:	100018bc 	.word	0x100018bc
100001e0:	10000238 	.word	0x10000238
100001e4:	e71aa390 	.word	0xe71aa390

100001e8 <_entry_point>:
100001e8:	481e      	ldr	r0, [pc, #120]	@ (10000264 <data_cpy_table+0x2c>)

100001ea <_enter_vtable_in_r0>:
100001ea:	491f      	ldr	r1, [pc, #124]	@ (10000268 <data_cpy_table+0x30>)
100001ec:	6008      	str	r0, [r1, #0]
100001ee:	c806      	ldmia	r0!, {r1, r2}
100001f0:	f381 8808 	msr	MSP, r1
100001f4:	4710      	bx	r2

100001f6 <_reset_handler>:
100001f6:	481d      	ldr	r0, [pc, #116]	@ (1000026c <data_cpy_table+0x34>)
100001f8:	6800      	ldr	r0, [r0, #0]
100001fa:	2800      	cmp	r0, #0
100001fc:	d001      	beq.n	10000202 <hold_non_core0_in_bootrom+0x4>

100001fe <hold_non_core0_in_bootrom>:
100001fe:	4819      	ldr	r0, [pc, #100]	@ (10000264 <data_cpy_table+0x2c>)
10000200:	e7f3      	b.n	100001ea <_enter_vtable_in_r0>
10000202:	a40d      	add	r4, pc, #52	@ (adr r4, 10000238 <data_cpy_table>)
10000204:	cc0e      	ldmia	r4!, {r1, r2, r3}
10000206:	2900      	cmp	r1, #0
10000208:	d002      	beq.n	10000210 <hold_non_core0_in_bootrom+0x12>
1000020a:	f000 f812 	bl	10000232 <data_cpy>
1000020e:	e7f9      	b.n	10000204 <hold_non_core0_in_bootrom+0x6>
10000210:	4917      	ldr	r1, [pc, #92]	@ (10000270 <data_cpy_table+0x38>)
10000212:	4a18      	ldr	r2, [pc, #96]	@ (10000274 <data_cpy_table+0x3c>)
10000214:	2000      	movs	r0, #0
10000216:	e000      	b.n	1000021a <bss_fill_test>

10000218 <bss_fill_loop>:
10000218:	c101      	stmia	r1!, {r0}

1000021a <bss_fill_test>:
1000021a:	4291      	cmp	r1, r2
1000021c:	d1fc      	bne.n	10000218 <bss_fill_loop>

1000021e <platform_entry>:
1000021e:	4916      	ldr	r1, [pc, #88]	@ (10000278 <data_cpy_table+0x40>)
10000220:	4788      	blx	r1
10000222:	4916      	ldr	r1, [pc, #88]	@ (1000027c <data_cpy_table+0x44>)
10000224:	4788      	blx	r1
10000226:	4916      	ldr	r1, [pc, #88]	@ (10000280 <data_cpy_table+0x48>)
10000228:	4788      	blx	r1
1000022a:	be00      	bkpt	0x0000
1000022c:	e7fd      	b.n	1000022a <platform_entry+0xc>

1000022e <data_cpy_loop>:
1000022e:	c901      	ldmia	r1!, {r0}
10000230:	c201      	stmia	r2!, {r0}

10000232 <data_cpy>:
10000232:	429a      	cmp	r2, r3
10000234:	d3fb      	bcc.n	1000022e <data_cpy_loop>
10000236:	4770      	bx	lr

10000238 <data_cpy_table>:
10000238:	100018bc 	.word	0x100018bc
1000023c:	200000c0 	.word	0x200000c0
10000240:	200001ec 	.word	0x200001ec
10000244:	100019e8 	.word	0x100019e8
10000248:	20040000 	.word	0x20040000
1000024c:	20040000 	.word	0x20040000
10000250:	100019e8 	.word	0x100019e8
10000254:	20041000 	.word	0x20041000
10000258:	20041000 	.word	0x20041000
1000025c:	00000000 	.word	0x00000000
10000260:	4770      	bx	lr
10000262:	0000      	.short	0x0000
10000264:	00000000 	.word	0x00000000
10000268:	e000ed08 	.word	0xe000ed08
1000026c:	d0000000 	.word	0xd0000000
10000270:	200001ec 	.word	0x200001ec
10000274:	20000770 	.word	0x20000770
10000278:	10001335 	.word	0x10001335
1000027c:	100002a9 	.word	0x100002a9
10000280:	1000132d 	.word	0x1000132d

10000284 <_init>:
10000284:	b5f8      	push	{r3, r4, r5, r6, r7, lr}
10000286:	46c0      	nop			@ (mov r8, r8)

10000288 <frame_dummy>:
10000288:	4b04      	ldr	r3, [pc, #16]	@ (1000029c <frame_dummy+0x14>)
1000028a:	b510      	push	{r4, lr}
1000028c:	2b00      	cmp	r3, #0
1000028e:	d003      	beq.n	10000298 <frame_dummy+0x10>
10000290:	4903      	ldr	r1, [pc, #12]	@ (100002a0 <frame_dummy+0x18>)
10000292:	4804      	ldr	r0, [pc, #16]	@ (100002a4 <frame_dummy+0x1c>)
10000294:	e000      	b.n	10000298 <frame_dummy+0x10>
10000296:	bf00      	nop
10000298:	bd10      	pop	{r4, pc}
1000029a:	46c0      	nop			@ (mov r8, r8)
1000029c:	00000000 	.word	0x00000000
100002a0:	20000740 	.word	0x20000740
100002a4:	100017c4 	.word	0x100017c4

100002a8 <main>:
100002a8:	b570      	push	{r4, r5, r6, lr}
100002aa:	24d0      	movs	r4, #208	@ 0xd0
100002ac:	2580      	movs	r5, #128	@ 0x80
100002ae:	2014      	movs	r0, #20
100002b0:	0624      	lsls	r4, r4, #24
100002b2:	036d      	lsls	r5, r5, #13
100002b4:	f000 f80e 	bl	100002d4 <gpio_init>
100002b8:	6265      	str	r5, [r4, #36]	@ 0x24
100002ba:	20fa      	movs	r0, #250	@ 0xfa
100002bc:	2100      	movs	r1, #0
100002be:	6165      	str	r5, [r4, #20]
100002c0:	0040      	lsls	r0, r0, #1
100002c2:	f000 fb91 	bl	100009e8 <sleep_us>
100002c6:	20fa      	movs	r0, #250	@ 0xfa
100002c8:	2100      	movs	r1, #0
100002ca:	61a5      	str	r5, [r4, #24]
100002cc:	0040      	lsls	r0, r0, #1
100002ce:	f000 fb8b 	bl	100009e8 <sleep_us>
100002d2:	e7f2      	b.n	100002ba <main+0x12>

100002d4 <gpio_init>:
100002d4:	2301      	movs	r3, #1
100002d6:	22d0      	movs	r2, #208	@ 0xd0
100002d8:	4083      	lsls	r3, r0
100002da:	0612      	lsls	r2, r2, #24
100002dc:	6293      	str	r3, [r2, #40]	@ 0x28
100002de:	6193      	str	r3, [r2, #24]
100002e0:	4a09      	ldr	r2, [pc, #36]	@ (10000308 <gpio_init+0x34>)
100002e2:	0083      	lsls	r3, r0, #2
100002e4:	189a      	adds	r2, r3, r2
100002e6:	6811      	ldr	r1, [r2, #0]
100002e8:	2240      	movs	r2, #64	@ 0x40
100002ea:	4051      	eors	r1, r2
100002ec:	3280      	adds	r2, #128	@ 0x80
100002ee:	400a      	ands	r2, r1
100002f0:	4906      	ldr	r1, [pc, #24]	@ (1000030c <gpio_init+0x38>)
100002f2:	00c0      	lsls	r0, r0, #3
100002f4:	468c      	mov	ip, r1
100002f6:	4463      	add	r3, ip
100002f8:	601a      	str	r2, [r3, #0]
100002fa:	4b05      	ldr	r3, [pc, #20]	@ (10000310 <gpio_init+0x3c>)
100002fc:	469c      	mov	ip, r3
100002fe:	2305      	movs	r3, #5
10000300:	4460      	add	r0, ip
10000302:	6043      	str	r3, [r0, #4]
10000304:	4770      	bx	lr
10000306:	46c0      	nop			@ (mov r8, r8)
10000308:	4001c004 	.word	0x4001c004
1000030c:	4001d004 	.word	0x4001d004
10000310:	40014000 	.word	0x40014000

10000314 <panic>:
10000314:	b40f      	push	{r0, r1, r2, r3}
10000316:	b500      	push	{lr}
10000318:	4808      	ldr	r0, [pc, #32]	@ (1000033c <panic+0x28>)
1000031a:	b083      	sub	sp, #12
1000031c:	f001 f948 	bl	100015b0 <__wrap_puts>
10000320:	9b04      	ldr	r3, [sp, #16]
10000322:	2b00      	cmp	r3, #0
10000324:	d007      	beq.n	10000336 <panic+0x22>
10000326:	a905      	add	r1, sp, #20
10000328:	0018      	movs	r0, r3
1000032a:	9101      	str	r1, [sp, #4]
1000032c:	f000 ffe4 	bl	100012f8 <weak_raw_vprintf>
10000330:	4803      	ldr	r0, [pc, #12]	@ (10000340 <panic+0x2c>)
10000332:	f001 f93d 	bl	100015b0 <__wrap_puts>
10000336:	2001      	movs	r0, #1
10000338:	f000 fff6 	bl	10001328 <_exit>
1000033c:	100017c4 	.word	0x100017c4
10000340:	100017d4 	.word	0x100017d4

10000344 <hw_claim_or_assert>:
10000344:	b570      	push	{r4, r5, r6, lr}
10000346:	f3ef 8c10 	mrs	ip, PRIMASK
1000034a:	b672      	cpsid	i
1000034c:	4d0d      	ldr	r5, [pc, #52]	@ (10000384 <hw_claim_or_assert+0x40>)
1000034e:	682b      	ldr	r3, [r5, #0]
10000350:	2b00      	cmp	r3, #0
10000352:	d0fc      	beq.n	1000034e <hw_claim_or_assert+0xa>
10000354:	f3bf 8f5f 	dmb	sy
10000358:	2407      	movs	r4, #7
1000035a:	08cb      	lsrs	r3, r1, #3
1000035c:	18c6      	adds	r6, r0, r3
1000035e:	5cc0      	ldrb	r0, [r0, r3]
10000360:	2301      	movs	r3, #1
10000362:	400c      	ands	r4, r1
10000364:	40a3      	lsls	r3, r4
10000366:	001c      	movs	r4, r3
10000368:	4004      	ands	r4, r0
1000036a:	4203      	tst	r3, r0
1000036c:	d107      	bne.n	1000037e <hw_claim_or_assert+0x3a>
1000036e:	4318      	orrs	r0, r3
10000370:	7030      	strb	r0, [r6, #0]
10000372:	f3bf 8f5f 	dmb	sy
10000376:	602c      	str	r4, [r5, #0]
10000378:	f38c 8810 	msr	PRIMASK, ip
1000037c:	bd70      	pop	{r4, r5, r6, pc}
1000037e:	0010      	movs	r0, r2
10000380:	f7ff ffc8 	bl	10000314 <panic>
10000384:	d000012c 	.word	0xd000012c

10000388 <next_striped_spin_lock_num>:
10000388:	4a04      	ldr	r2, [pc, #16]	@ (1000039c <next_striped_spin_lock_num+0x14>)
1000038a:	7810      	ldrb	r0, [r2, #0]
1000038c:	1c43      	adds	r3, r0, #1
1000038e:	b2db      	uxtb	r3, r3
10000390:	2b17      	cmp	r3, #23
10000392:	d900      	bls.n	10000396 <next_striped_spin_lock_num+0xe>
10000394:	2310      	movs	r3, #16
10000396:	7013      	strb	r3, [r2, #0]
10000398:	4770      	bx	lr
1000039a:	46c0      	nop			@ (mov r8, r8)
1000039c:	20000198 	.word	0x20000198

100003a0 <spin_locks_reset>:
100003a0:	2100      	movs	r1, #0
100003a2:	4b04      	ldr	r3, [pc, #16]	@ (100003b4 <spin_locks_reset+0x14>)
100003a4:	4a04      	ldr	r2, [pc, #16]	@ (100003b8 <spin_locks_reset+0x18>)
100003a6:	f3bf 8f5f 	dmb	sy
100003aa:	c302      	stmia	r3!, {r1}
100003ac:	4293      	cmp	r3, r2
100003ae:	d1fa      	bne.n	100003a6 <spin_locks_reset+0x6>
100003b0:	4770      	bx	lr
100003b2:	46c0      	nop			@ (mov r8, r8)
100003b4:	d0000100 	.word	0xd0000100
100003b8:	d0000180 	.word	0xd0000180

100003bc <runtime_init_per_core_irq_priorities>:
100003bc:	4b05      	ldr	r3, [pc, #20]	@ (100003d4 <runtime_init_per_core_irq_priorities+0x18>)
100003be:	4a06      	ldr	r2, [pc, #24]	@ (100003d8 <runtime_init_per_core_irq_priorities+0x1c>)
100003c0:	6013      	str	r3, [r2, #0]
100003c2:	4a06      	ldr	r2, [pc, #24]	@ (100003dc <runtime_init_per_core_irq_priorities+0x20>)
100003c4:	6013      	str	r3, [r2, #0]
100003c6:	6053      	str	r3, [r2, #4]
100003c8:	6093      	str	r3, [r2, #8]
100003ca:	60d3      	str	r3, [r2, #12]
100003cc:	6113      	str	r3, [r2, #16]
100003ce:	6153      	str	r3, [r2, #20]
100003d0:	6193      	str	r3, [r2, #24]
100003d2:	4770      	bx	lr
100003d4:	80808080 	.word	0x80808080
100003d8:	e000e400 	.word	0xe000e400
100003dc:	e000e404 	.word	0xe000e404

100003e0 <irq_set_enabled>:
100003e0:	231f      	movs	r3, #31
100003e2:	4018      	ands	r0, r3
100003e4:	3b1e      	subs	r3, #30
100003e6:	4083      	lsls	r3, r0
100003e8:	2900      	cmp	r1, #0
100003ea:	d005      	beq.n	100003f8 <irq_set_enabled+0x18>
100003ec:	21c0      	movs	r1, #192	@ 0xc0
100003ee:	4a04      	ldr	r2, [pc, #16]	@ (10000400 <irq_set_enabled+0x20>)
100003f0:	0049      	lsls	r1, r1, #1
100003f2:	5053      	str	r3, [r2, r1]
100003f4:	6013      	str	r3, [r2, #0]
100003f6:	4770      	bx	lr
100003f8:	2280      	movs	r2, #128	@ 0x80
100003fa:	4901      	ldr	r1, [pc, #4]	@ (10000400 <irq_set_enabled+0x20>)
100003fc:	508b      	str	r3, [r1, r2]
100003fe:	e7fa      	b.n	100003f6 <irq_set_enabled+0x16>
10000400:	e000e100 	.word	0xe000e100

10000404 <irq_set_exclusive_handler>:
10000404:	b570      	push	{r4, r5, r6, lr}
10000406:	000d      	movs	r5, r1
10000408:	f3ef 8610 	mrs	r6, PRIMASK
1000040c:	b672      	cpsid	i
1000040e:	4a0f      	ldr	r2, [pc, #60]	@ (1000044c <irq_set_exclusive_handler+0x48>)
10000410:	6813      	ldr	r3, [r2, #0]
10000412:	2b00      	cmp	r3, #0
10000414:	d0fc      	beq.n	10000410 <irq_set_exclusive_handler+0xc>
10000416:	f3bf 8f5f 	dmb	sy
1000041a:	4b0d      	ldr	r3, [pc, #52]	@ (10000450 <irq_set_exclusive_handler+0x4c>)
1000041c:	3010      	adds	r0, #16
1000041e:	689b      	ldr	r3, [r3, #8]
10000420:	0084      	lsls	r4, r0, #2
10000422:	591b      	ldr	r3, [r3, r4]
10000424:	4a0b      	ldr	r2, [pc, #44]	@ (10000454 <irq_set_exclusive_handler+0x50>)
10000426:	4293      	cmp	r3, r2
10000428:	d003      	beq.n	10000432 <irq_set_exclusive_handler+0x2e>
1000042a:	429d      	cmp	r5, r3
1000042c:	d001      	beq.n	10000432 <irq_set_exclusive_handler+0x2e>
1000042e:	f000 fd99 	bl	10000f64 <hard_assertion_failure>
10000432:	4b07      	ldr	r3, [pc, #28]	@ (10000450 <irq_set_exclusive_handler+0x4c>)
10000434:	689b      	ldr	r3, [r3, #8]
10000436:	511d      	str	r5, [r3, r4]
10000438:	f3bf 8f5f 	dmb	sy
1000043c:	f3bf 8f5f 	dmb	sy
10000440:	2200      	movs	r2, #0
10000442:	4b02      	ldr	r3, [pc, #8]	@ (1000044c <irq_set_exclusive_handler+0x48>)
10000444:	601a      	str	r2, [r3, #0]
10000446:	f386 8810 	msr	PRIMASK, r6
1000044a:	bd70      	pop	{r4, r5, r6, pc}
1000044c:	d0000124 	.word	0xd0000124
10000450:	e000ed00 	.word	0xe000ed00
10000454:	100001cd 	.word	0x100001cd

10000458 <lock_init>:
10000458:	4b02      	ldr	r3, [pc, #8]	@ (10000464 <lock_init+0xc>)
1000045a:	469c      	mov	ip, r3
1000045c:	4461      	add	r1, ip
1000045e:	0089      	lsls	r1, r1, #2
10000460:	6001      	str	r1, [r0, #0]
10000462:	4770      	bx	lr
10000464:	34000040 	.word	0x34000040

10000468 <runtime_init_mutex>:
10000468:	b570      	push	{r4, r5, r6, lr}
1000046a:	4c11      	ldr	r4, [pc, #68]	@ (100004b0 <runtime_init_mutex+0x48>)
1000046c:	4d11      	ldr	r5, [pc, #68]	@ (100004b4 <runtime_init_mutex+0x4c>)
1000046e:	42ac      	cmp	r4, r5
10000470:	d20f      	bcs.n	10000492 <runtime_init_mutex+0x2a>
10000472:	26ff      	movs	r6, #255	@ 0xff
10000474:	6823      	ldr	r3, [r4, #0]
10000476:	2b00      	cmp	r3, #0
10000478:	d00c      	beq.n	10000494 <runtime_init_mutex+0x2c>
1000047a:	f7ff ff85 	bl	10000388 <next_striped_spin_lock_num>
1000047e:	0001      	movs	r1, r0
10000480:	0020      	movs	r0, r4
10000482:	f7ff ffe9 	bl	10000458 <lock_init>
10000486:	80a6      	strh	r6, [r4, #4]
10000488:	f3bf 8f5f 	dmb	sy
1000048c:	3408      	adds	r4, #8
1000048e:	42ac      	cmp	r4, r5
10000490:	d3f0      	bcc.n	10000474 <runtime_init_mutex+0xc>
10000492:	bd70      	pop	{r4, r5, r6, pc}
10000494:	f7ff ff78 	bl	10000388 <next_striped_spin_lock_num>
10000498:	0001      	movs	r1, r0
1000049a:	0020      	movs	r0, r4
1000049c:	f7ff ffdc 	bl	10000458 <lock_init>
100004a0:	7126      	strb	r6, [r4, #4]
100004a2:	f3bf 8f5f 	dmb	sy
100004a6:	3408      	adds	r4, #8
100004a8:	42ac      	cmp	r4, r5
100004aa:	d3e3      	bcc.n	10000474 <runtime_init_mutex+0xc>
100004ac:	e7f1      	b.n	10000492 <runtime_init_mutex+0x2a>
100004ae:	46c0      	nop			@ (mov r8, r8)
100004b0:	200001e4 	.word	0x200001e4
100004b4:	200001ec 	.word	0x200001ec

100004b8 <sleep_until_callback>:
100004b8:	4b0a      	ldr	r3, [pc, #40]	@ (100004e4 <sleep_until_callback+0x2c>)
100004ba:	6819      	ldr	r1, [r3, #0]
100004bc:	f3ef 8010 	mrs	r0, PRIMASK
100004c0:	b672      	cpsid	i
100004c2:	680a      	ldr	r2, [r1, #0]
100004c4:	2a00      	cmp	r2, #0
100004c6:	d0fc      	beq.n	100004c2 <sleep_until_callback+0xa>
100004c8:	f3bf 8f5f 	dmb	sy
100004cc:	681b      	ldr	r3, [r3, #0]
100004ce:	f3bf 8f5f 	dmb	sy
100004d2:	2200      	movs	r2, #0
100004d4:	601a      	str	r2, [r3, #0]
100004d6:	f380 8810 	msr	PRIMASK, r0
100004da:	bf40      	sev
100004dc:	2000      	movs	r0, #0
100004de:	2100      	movs	r1, #0
100004e0:	4770      	bx	lr
100004e2:	46c0      	nop			@ (mov r8, r8)
100004e4:	2000076c 	.word	0x2000076c

100004e8 <alarm_pool_irq_handler>:
100004e8:	b5f0      	push	{r4, r5, r6, r7, lr}
100004ea:	46de      	mov	lr, fp
100004ec:	4657      	mov	r7, sl
100004ee:	464e      	mov	r6, r9
100004f0:	4645      	mov	r5, r8
100004f2:	b5e0      	push	{r5, r6, r7, lr}
100004f4:	b087      	sub	sp, #28
100004f6:	f3ef 8305 	mrs	r3, IPSR
100004fa:	2203      	movs	r2, #3
100004fc:	2501      	movs	r5, #1
100004fe:	401a      	ands	r2, r3
10000500:	4095      	lsls	r5, r2
10000502:	0091      	lsls	r1, r2, #2
10000504:	4688      	mov	r8, r1
10000506:	46a9      	mov	r9, r5
10000508:	4bb3      	ldr	r3, [pc, #716]	@ (100007d8 <alarm_pool_irq_handler+0x2f0>)
1000050a:	9203      	str	r2, [sp, #12]
1000050c:	585c      	ldr	r4, [r3, r1]
1000050e:	4bb3      	ldr	r3, [pc, #716]	@ (100007dc <alarm_pool_irq_handler+0x2f4>)
10000510:	601d      	str	r5, [r3, #0]
10000512:	4bb3      	ldr	r3, [pc, #716]	@ (100007e0 <alarm_pool_irq_handler+0x2f8>)
10000514:	9304      	str	r3, [sp, #16]
10000516:	464b      	mov	r3, r9
10000518:	48b2      	ldr	r0, [pc, #712]	@ (100007e4 <alarm_pool_irq_handler+0x2fc>)
1000051a:	6343      	str	r3, [r0, #52]	@ 0x34
1000051c:	2308      	movs	r3, #8
1000051e:	5ee5      	ldrsh	r5, [r4, r3]
10000520:	2d00      	cmp	r5, #0
10000522:	da37      	bge.n	10000594 <alarm_pool_irq_handler+0xac>
10000524:	88a3      	ldrh	r3, [r4, #4]
10000526:	b21b      	sxth	r3, r3
10000528:	2b00      	cmp	r3, #0
1000052a:	db00      	blt.n	1000052e <alarm_pool_irq_handler+0x46>
1000052c:	e0ad      	b.n	1000068a <alarm_pool_irq_handler+0x1a2>
1000052e:	79a3      	ldrb	r3, [r4, #6]
10000530:	2b00      	cmp	r3, #0
10000532:	d000      	beq.n	10000536 <alarm_pool_irq_handler+0x4e>
10000534:	e0ee      	b.n	10000714 <alarm_pool_irq_handler+0x22c>
10000536:	2308      	movs	r3, #8
10000538:	5ee0      	ldrsh	r0, [r4, r3]
1000053a:	2800      	cmp	r0, #0
1000053c:	db20      	blt.n	10000580 <alarm_pool_irq_handler+0x98>
1000053e:	0043      	lsls	r3, r0, #1
10000540:	6962      	ldr	r2, [r4, #20]
10000542:	181b      	adds	r3, r3, r0
10000544:	00db      	lsls	r3, r3, #3
10000546:	18d3      	adds	r3, r2, r3
10000548:	689e      	ldr	r6, [r3, #8]
1000054a:	68dd      	ldr	r5, [r3, #12]
1000054c:	1c73      	adds	r3, r6, #1
1000054e:	d100      	bne.n	10000552 <alarm_pool_irq_handler+0x6a>
10000550:	e111      	b.n	10000776 <alarm_pool_irq_handler+0x28e>
10000552:	48a4      	ldr	r0, [pc, #656]	@ (100007e4 <alarm_pool_irq_handler+0x2fc>)
10000554:	0001      	movs	r1, r0
10000556:	4441      	add	r1, r8
10000558:	6a82      	ldr	r2, [r0, #40]	@ 0x28
1000055a:	690b      	ldr	r3, [r1, #16]
1000055c:	1ab7      	subs	r7, r6, r2
1000055e:	1a9b      	subs	r3, r3, r2
10000560:	429f      	cmp	r7, r3
10000562:	d315      	bcc.n	10000590 <alarm_pool_irq_handler+0xa8>
10000564:	2301      	movs	r3, #1
10000566:	6a02      	ldr	r2, [r0, #32]
10000568:	9803      	ldr	r0, [sp, #12]
1000056a:	4083      	lsls	r3, r0
1000056c:	421a      	tst	r2, r3
1000056e:	d00f      	beq.n	10000590 <alarm_pool_irq_handler+0xa8>
10000570:	489c      	ldr	r0, [pc, #624]	@ (100007e4 <alarm_pool_irq_handler+0x2fc>)
10000572:	f000 fb3f 	bl	10000bf4 <timer_time_us_64>
10000576:	428d      	cmp	r5, r1
10000578:	dc02      	bgt.n	10000580 <alarm_pool_irq_handler+0x98>
1000057a:	d1cc      	bne.n	10000516 <alarm_pool_irq_handler+0x2e>
1000057c:	4286      	cmp	r6, r0
1000057e:	d9ca      	bls.n	10000516 <alarm_pool_irq_handler+0x2e>
10000580:	bf40      	sev
10000582:	b007      	add	sp, #28
10000584:	bcf0      	pop	{r4, r5, r6, r7}
10000586:	46bb      	mov	fp, r7
10000588:	46b2      	mov	sl, r6
1000058a:	46a9      	mov	r9, r5
1000058c:	46a0      	mov	r8, r4
1000058e:	bdf0      	pop	{r4, r5, r6, r7, pc}
10000590:	610e      	str	r6, [r1, #16]
10000592:	e7ed      	b.n	10000570 <alarm_pool_irq_handler+0x88>
10000594:	6962      	ldr	r2, [r4, #20]
10000596:	006b      	lsls	r3, r5, #1
10000598:	4692      	mov	sl, r2
1000059a:	195b      	adds	r3, r3, r5
1000059c:	00db      	lsls	r3, r3, #3
1000059e:	449a      	add	sl, r3
100005a0:	4653      	mov	r3, sl
100005a2:	689e      	ldr	r6, [r3, #8]
100005a4:	68df      	ldr	r7, [r3, #12]
100005a6:	f000 fb25 	bl	10000bf4 <timer_time_us_64>
100005aa:	428f      	cmp	r7, r1
100005ac:	dcba      	bgt.n	10000524 <alarm_pool_irq_handler+0x3c>
100005ae:	d100      	bne.n	100005b2 <alarm_pool_irq_handler+0xca>
100005b0:	e103      	b.n	100007ba <alarm_pool_irq_handler+0x2d2>
100005b2:	2f00      	cmp	r7, #0
100005b4:	da00      	bge.n	100005b8 <alarm_pool_irq_handler+0xd0>
100005b6:	e0e8      	b.n	1000078a <alarm_pool_irq_handler+0x2a2>
100005b8:	4652      	mov	r2, sl
100005ba:	4653      	mov	r3, sl
100005bc:	6952      	ldr	r2, [r2, #20]
100005be:	691b      	ldr	r3, [r3, #16]
100005c0:	4693      	mov	fp, r2
100005c2:	9a04      	ldr	r2, [sp, #16]
100005c4:	4293      	cmp	r3, r2
100005c6:	d100      	bne.n	100005ca <alarm_pool_irq_handler+0xe2>
100005c8:	e0d9      	b.n	1000077e <alarm_pool_irq_handler+0x296>
100005ca:	4652      	mov	r2, sl
100005cc:	2108      	movs	r1, #8
100005ce:	5e60      	ldrsh	r0, [r4, r1]
100005d0:	8852      	ldrh	r2, [r2, #2]
100005d2:	0400      	lsls	r0, r0, #16
100005d4:	4659      	mov	r1, fp
100005d6:	4310      	orrs	r0, r2
100005d8:	4798      	blx	r3
100005da:	9000      	str	r0, [sp, #0]
100005dc:	9101      	str	r1, [sp, #4]
100005de:	9900      	ldr	r1, [sp, #0]
100005e0:	9a01      	ldr	r2, [sp, #4]
100005e2:	000b      	movs	r3, r1
100005e4:	0010      	movs	r0, r2
100005e6:	4313      	orrs	r3, r2
100005e8:	d100      	bne.n	100005ec <alarm_pool_irq_handler+0x104>
100005ea:	e0ce      	b.n	1000078a <alarm_pool_irq_handler+0x2a2>
100005ec:	0013      	movs	r3, r2
100005ee:	000a      	movs	r2, r1
100005f0:	1ab6      	subs	r6, r6, r2
100005f2:	419f      	sbcs	r7, r3
100005f4:	2800      	cmp	r0, #0
100005f6:	db06      	blt.n	10000606 <alarm_pool_irq_handler+0x11e>
100005f8:	487a      	ldr	r0, [pc, #488]	@ (100007e4 <alarm_pool_irq_handler+0x2fc>)
100005fa:	f000 fafb 	bl	10000bf4 <timer_time_us_64>
100005fe:	9e00      	ldr	r6, [sp, #0]
10000600:	9f01      	ldr	r7, [sp, #4]
10000602:	1836      	adds	r6, r6, r0
10000604:	414f      	adcs	r7, r1
10000606:	4653      	mov	r3, sl
10000608:	609e      	str	r6, [r3, #8]
1000060a:	60df      	str	r7, [r3, #12]
1000060c:	2200      	movs	r2, #0
1000060e:	5e9a      	ldrsh	r2, [r3, r2]
10000610:	2a00      	cmp	r2, #0
10000612:	da00      	bge.n	10000616 <alarm_pool_irq_handler+0x12e>
10000614:	e786      	b.n	10000524 <alarm_pool_irq_handler+0x3c>
10000616:	0053      	lsls	r3, r2, #1
10000618:	1899      	adds	r1, r3, r2
1000061a:	6960      	ldr	r0, [r4, #20]
1000061c:	00c9      	lsls	r1, r1, #3
1000061e:	1841      	adds	r1, r0, r1
10000620:	9302      	str	r3, [sp, #8]
10000622:	688b      	ldr	r3, [r1, #8]
10000624:	68c9      	ldr	r1, [r1, #12]
10000626:	469b      	mov	fp, r3
10000628:	42b9      	cmp	r1, r7
1000062a:	dd00      	ble.n	1000062e <alarm_pool_irq_handler+0x146>
1000062c:	e77a      	b.n	10000524 <alarm_pool_irq_handler+0x3c>
1000062e:	d102      	bne.n	10000636 <alarm_pool_irq_handler+0x14e>
10000630:	42b3      	cmp	r3, r6
10000632:	d900      	bls.n	10000636 <alarm_pool_irq_handler+0x14e>
10000634:	e776      	b.n	10000524 <alarm_pool_irq_handler+0x3c>
10000636:	2308      	movs	r3, #8
10000638:	469c      	mov	ip, r3
1000063a:	44a4      	add	ip, r4
1000063c:	9505      	str	r5, [sp, #20]
1000063e:	4665      	mov	r5, ip
10000640:	8122      	strh	r2, [r4, #8]
10000642:	46a4      	mov	ip, r4
10000644:	9b02      	ldr	r3, [sp, #8]
10000646:	002c      	movs	r4, r5
10000648:	e006      	b.n	10000658 <alarm_pool_irq_handler+0x170>
1000064a:	0053      	lsls	r3, r2, #1
1000064c:	1899      	adds	r1, r3, r2
1000064e:	00c9      	lsls	r1, r1, #3
10000650:	1841      	adds	r1, r0, r1
10000652:	688d      	ldr	r5, [r1, #8]
10000654:	68c9      	ldr	r1, [r1, #12]
10000656:	46ab      	mov	fp, r5
10000658:	189b      	adds	r3, r3, r2
1000065a:	00db      	lsls	r3, r3, #3
1000065c:	18c3      	adds	r3, r0, r3
1000065e:	42b9      	cmp	r1, r7
10000660:	dc06      	bgt.n	10000670 <alarm_pool_irq_handler+0x188>
10000662:	d100      	bne.n	10000666 <alarm_pool_irq_handler+0x17e>
10000664:	e0b3      	b.n	100007ce <alarm_pool_irq_handler+0x2e6>
10000666:	001c      	movs	r4, r3
10000668:	2300      	movs	r3, #0
1000066a:	5ee2      	ldrsh	r2, [r4, r3]
1000066c:	2a00      	cmp	r2, #0
1000066e:	daec      	bge.n	1000064a <alarm_pool_irq_handler+0x162>
10000670:	0023      	movs	r3, r4
10000672:	4664      	mov	r4, ip
10000674:	469c      	mov	ip, r3
10000676:	4653      	mov	r3, sl
10000678:	801a      	strh	r2, [r3, #0]
1000067a:	4663      	mov	r3, ip
1000067c:	9d05      	ldr	r5, [sp, #20]
1000067e:	801d      	strh	r5, [r3, #0]
10000680:	88a3      	ldrh	r3, [r4, #4]
10000682:	b21b      	sxth	r3, r3
10000684:	2b00      	cmp	r3, #0
10000686:	da00      	bge.n	1000068a <alarm_pool_irq_handler+0x1a2>
10000688:	e751      	b.n	1000052e <alarm_pool_irq_handler+0x46>
1000068a:	6922      	ldr	r2, [r4, #16]
1000068c:	f3ef 8110 	mrs	r1, PRIMASK
10000690:	b672      	cpsid	i
10000692:	6813      	ldr	r3, [r2, #0]
10000694:	2b00      	cmp	r3, #0
10000696:	d0fc      	beq.n	10000692 <alarm_pool_irq_handler+0x1aa>
10000698:	f3bf 8f5f 	dmb	sy
1000069c:	2301      	movs	r3, #1
1000069e:	88a7      	ldrh	r7, [r4, #4]
100006a0:	425b      	negs	r3, r3
100006a2:	80a3      	strh	r3, [r4, #4]
100006a4:	b23f      	sxth	r7, r7
100006a6:	6923      	ldr	r3, [r4, #16]
100006a8:	f3bf 8f5f 	dmb	sy
100006ac:	2200      	movs	r2, #0
100006ae:	601a      	str	r2, [r3, #0]
100006b0:	f381 8810 	msr	PRIMASK, r1
100006b4:	2f00      	cmp	r7, #0
100006b6:	da00      	bge.n	100006ba <alarm_pool_irq_handler+0x1d2>
100006b8:	e739      	b.n	1000052e <alarm_pool_irq_handler+0x46>
100006ba:	0023      	movs	r3, r4
100006bc:	3308      	adds	r3, #8
100006be:	0022      	movs	r2, r4
100006c0:	469a      	mov	sl, r3
100006c2:	6966      	ldr	r6, [r4, #20]
100006c4:	007b      	lsls	r3, r7, #1
100006c6:	19db      	adds	r3, r3, r7
100006c8:	00db      	lsls	r3, r3, #3
100006ca:	18f3      	adds	r3, r6, r3
100006cc:	6899      	ldr	r1, [r3, #8]
100006ce:	4650      	mov	r0, sl
100006d0:	468c      	mov	ip, r1
100006d2:	2408      	movs	r4, #8
100006d4:	5f11      	ldrsh	r1, [r2, r4]
100006d6:	68dd      	ldr	r5, [r3, #12]
100006d8:	2900      	cmp	r1, #0
100006da:	db10      	blt.n	100006fe <alarm_pool_irq_handler+0x216>
100006dc:	9302      	str	r3, [sp, #8]
100006de:	e006      	b.n	100006ee <alarm_pool_irq_handler+0x206>
100006e0:	42ab      	cmp	r3, r5
100006e2:	d044      	beq.n	1000076e <alarm_pool_irq_handler+0x286>
100006e4:	2300      	movs	r3, #0
100006e6:	5ee1      	ldrsh	r1, [r4, r3]
100006e8:	0020      	movs	r0, r4
100006ea:	2900      	cmp	r1, #0
100006ec:	db06      	blt.n	100006fc <alarm_pool_irq_handler+0x214>
100006ee:	004c      	lsls	r4, r1, #1
100006f0:	1864      	adds	r4, r4, r1
100006f2:	00e4      	lsls	r4, r4, #3
100006f4:	1934      	adds	r4, r6, r4
100006f6:	68e3      	ldr	r3, [r4, #12]
100006f8:	42ab      	cmp	r3, r5
100006fa:	ddf1      	ble.n	100006e0 <alarm_pool_irq_handler+0x1f8>
100006fc:	9b02      	ldr	r3, [sp, #8]
100006fe:	8007      	strh	r7, [r0, #0]
10000700:	2000      	movs	r0, #0
10000702:	5e1f      	ldrsh	r7, [r3, r0]
10000704:	8019      	strh	r1, [r3, #0]
10000706:	2f00      	cmp	r7, #0
10000708:	dadc      	bge.n	100006c4 <alarm_pool_irq_handler+0x1dc>
1000070a:	0014      	movs	r4, r2
1000070c:	79a3      	ldrb	r3, [r4, #6]
1000070e:	2b00      	cmp	r3, #0
10000710:	d100      	bne.n	10000714 <alarm_pool_irq_handler+0x22c>
10000712:	e710      	b.n	10000536 <alarm_pool_irq_handler+0x4e>
10000714:	2300      	movs	r3, #0
10000716:	71a3      	strb	r3, [r4, #6]
10000718:	0026      	movs	r6, r4
1000071a:	2308      	movs	r3, #8
1000071c:	5ee1      	ldrsh	r1, [r4, r3]
1000071e:	3608      	adds	r6, #8
10000720:	1c4b      	adds	r3, r1, #1
10000722:	d100      	bne.n	10000726 <alarm_pool_irq_handler+0x23e>
10000724:	e72c      	b.n	10000580 <alarm_pool_irq_handler+0x98>
10000726:	0008      	movs	r0, r1
10000728:	46a2      	mov	sl, r4
1000072a:	6965      	ldr	r5, [r4, #20]
1000072c:	e002      	b.n	10000734 <alarm_pool_irq_handler+0x24c>
1000072e:	003e      	movs	r6, r7
10000730:	1c4b      	adds	r3, r1, #1
10000732:	d01a      	beq.n	1000076a <alarm_pool_irq_handler+0x282>
10000734:	004b      	lsls	r3, r1, #1
10000736:	185b      	adds	r3, r3, r1
10000738:	00db      	lsls	r3, r3, #3
1000073a:	18ef      	adds	r7, r5, r3
1000073c:	000a      	movs	r2, r1
1000073e:	468c      	mov	ip, r1
10000740:	5ee9      	ldrsh	r1, [r5, r3]
10000742:	887b      	ldrh	r3, [r7, #2]
10000744:	b21b      	sxth	r3, r3
10000746:	2b00      	cmp	r3, #0
10000748:	daf1      	bge.n	1000072e <alarm_pool_irq_handler+0x246>
1000074a:	2301      	movs	r3, #1
1000074c:	425b      	negs	r3, r3
1000074e:	17dc      	asrs	r4, r3, #31
10000750:	60bb      	str	r3, [r7, #8]
10000752:	60fc      	str	r4, [r7, #12]
10000754:	4282      	cmp	r2, r0
10000756:	d005      	beq.n	10000764 <alarm_pool_irq_handler+0x27c>
10000758:	4653      	mov	r3, sl
1000075a:	8031      	strh	r1, [r6, #0]
1000075c:	891b      	ldrh	r3, [r3, #8]
1000075e:	803b      	strh	r3, [r7, #0]
10000760:	4653      	mov	r3, sl
10000762:	811a      	strh	r2, [r3, #8]
10000764:	4660      	mov	r0, ip
10000766:	1c4b      	adds	r3, r1, #1
10000768:	d1e4      	bne.n	10000734 <alarm_pool_irq_handler+0x24c>
1000076a:	4654      	mov	r4, sl
1000076c:	e6e5      	b.n	1000053a <alarm_pool_irq_handler+0x52>
1000076e:	68a3      	ldr	r3, [r4, #8]
10000770:	4563      	cmp	r3, ip
10000772:	d9b7      	bls.n	100006e4 <alarm_pool_irq_handler+0x1fc>
10000774:	e7c2      	b.n	100006fc <alarm_pool_irq_handler+0x214>
10000776:	1c6b      	adds	r3, r5, #1
10000778:	d000      	beq.n	1000077c <alarm_pool_irq_handler+0x294>
1000077a:	e6ea      	b.n	10000552 <alarm_pool_irq_handler+0x6a>
1000077c:	e6f8      	b.n	10000570 <alarm_pool_irq_handler+0x88>
1000077e:	465b      	mov	r3, fp
10000780:	4658      	mov	r0, fp
10000782:	691b      	ldr	r3, [r3, #16]
10000784:	4798      	blx	r3
10000786:	2800      	cmp	r0, #0
10000788:	d11b      	bne.n	100007c2 <alarm_pool_irq_handler+0x2da>
1000078a:	4653      	mov	r3, sl
1000078c:	881b      	ldrh	r3, [r3, #0]
1000078e:	6922      	ldr	r2, [r4, #16]
10000790:	8123      	strh	r3, [r4, #8]
10000792:	f3ef 8310 	mrs	r3, PRIMASK
10000796:	b672      	cpsid	i
10000798:	6811      	ldr	r1, [r2, #0]
1000079a:	2900      	cmp	r1, #0
1000079c:	d0fc      	beq.n	10000798 <alarm_pool_irq_handler+0x2b0>
1000079e:	f3bf 8f5f 	dmb	sy
100007a2:	4651      	mov	r1, sl
100007a4:	8862      	ldrh	r2, [r4, #2]
100007a6:	800a      	strh	r2, [r1, #0]
100007a8:	6922      	ldr	r2, [r4, #16]
100007aa:	8065      	strh	r5, [r4, #2]
100007ac:	f3bf 8f5f 	dmb	sy
100007b0:	2100      	movs	r1, #0
100007b2:	6011      	str	r1, [r2, #0]
100007b4:	f383 8810 	msr	PRIMASK, r3
100007b8:	e6b4      	b.n	10000524 <alarm_pool_irq_handler+0x3c>
100007ba:	4286      	cmp	r6, r0
100007bc:	d800      	bhi.n	100007c0 <alarm_pool_irq_handler+0x2d8>
100007be:	e6f8      	b.n	100005b2 <alarm_pool_irq_handler+0xca>
100007c0:	e6b0      	b.n	10000524 <alarm_pool_irq_handler+0x3c>
100007c2:	465b      	mov	r3, fp
100007c4:	681a      	ldr	r2, [r3, #0]
100007c6:	685b      	ldr	r3, [r3, #4]
100007c8:	9200      	str	r2, [sp, #0]
100007ca:	9301      	str	r3, [sp, #4]
100007cc:	e707      	b.n	100005de <alarm_pool_irq_handler+0xf6>
100007ce:	45b3      	cmp	fp, r6
100007d0:	d800      	bhi.n	100007d4 <alarm_pool_irq_handler+0x2ec>
100007d2:	e748      	b.n	10000666 <alarm_pool_irq_handler+0x17e>
100007d4:	e74c      	b.n	10000670 <alarm_pool_irq_handler+0x188>
100007d6:	46c0      	nop			@ (mov r8, r8)
100007d8:	20000758 	.word	0x20000758
100007dc:	4005703c 	.word	0x4005703c
100007e0:	100004e9 	.word	0x100004e9
100007e4:	40054000 	.word	0x40054000

100007e8 <runtime_init_default_alarm_pool>:
100007e8:	b570      	push	{r4, r5, r6, lr}
100007ea:	4c2e      	ldr	r4, [pc, #184]	@ (100008a4 <runtime_init_default_alarm_pool+0xbc>)
100007ec:	6925      	ldr	r5, [r4, #16]
100007ee:	2d00      	cmp	r5, #0
100007f0:	d004      	beq.n	100007fc <runtime_init_default_alarm_pool+0x14>
100007f2:	210a      	movs	r1, #10
100007f4:	482c      	ldr	r0, [pc, #176]	@ (100008a8 <runtime_init_default_alarm_pool+0xc0>)
100007f6:	f7ff fe2f 	bl	10000458 <lock_init>
100007fa:	bd70      	pop	{r4, r5, r6, pc}
100007fc:	4e2b      	ldr	r6, [pc, #172]	@ (100008ac <runtime_init_default_alarm_pool+0xc4>)
100007fe:	2103      	movs	r1, #3
10000800:	0030      	movs	r0, r6
10000802:	f000 f9ed 	bl	10000be0 <timer_hardware_alarm_claim>
10000806:	60e6      	str	r6, [r4, #12]
10000808:	f7ff fdbe 	bl	10000388 <next_striped_spin_lock_num>
1000080c:	4b28      	ldr	r3, [pc, #160]	@ (100008b0 <runtime_init_default_alarm_pool+0xc8>)
1000080e:	2203      	movs	r2, #3
10000810:	469c      	mov	ip, r3
10000812:	23d0      	movs	r3, #208	@ 0xd0
10000814:	7022      	strb	r2, [r4, #0]
10000816:	061b      	lsls	r3, r3, #24
10000818:	681b      	ldr	r3, [r3, #0]
1000081a:	2101      	movs	r1, #1
1000081c:	7063      	strb	r3, [r4, #1]
1000081e:	4b25      	ldr	r3, [pc, #148]	@ (100008b4 <runtime_init_default_alarm_pool+0xcc>)
10000820:	4460      	add	r0, ip
10000822:	60a3      	str	r3, [r4, #8]
10000824:	230f      	movs	r3, #15
10000826:	0080      	lsls	r0, r0, #2
10000828:	6120      	str	r0, [r4, #16]
1000082a:	2002      	movs	r0, #2
1000082c:	8063      	strh	r3, [r4, #2]
1000082e:	6963      	ldr	r3, [r4, #20]
10000830:	4249      	negs	r1, r1
10000832:	80a1      	strh	r1, [r4, #4]
10000834:	8019      	strh	r1, [r3, #0]
10000836:	3102      	adds	r1, #2
10000838:	8619      	strh	r1, [r3, #48]	@ 0x30
1000083a:	3147      	adds	r1, #71	@ 0x47
1000083c:	831d      	strh	r5, [r3, #24]
1000083e:	5258      	strh	r0, [r3, r1]
10000840:	3118      	adds	r1, #24
10000842:	525a      	strh	r2, [r3, r1]
10000844:	3275      	adds	r2, #117	@ 0x75
10000846:	395c      	subs	r1, #92	@ 0x5c
10000848:	5299      	strh	r1, [r3, r2]
1000084a:	3218      	adds	r2, #24
1000084c:	3101      	adds	r1, #1
1000084e:	5299      	strh	r1, [r3, r2]
10000850:	3218      	adds	r2, #24
10000852:	3101      	adds	r1, #1
10000854:	5299      	strh	r1, [r3, r2]
10000856:	3218      	adds	r2, #24
10000858:	3101      	adds	r1, #1
1000085a:	5299      	strh	r1, [r3, r2]
1000085c:	3508      	adds	r5, #8
1000085e:	3218      	adds	r2, #24
10000860:	529d      	strh	r5, [r3, r2]
10000862:	3102      	adds	r1, #2
10000864:	3218      	adds	r2, #24
10000866:	5299      	strh	r1, [r3, r2]
10000868:	3218      	adds	r2, #24
1000086a:	3101      	adds	r1, #1
1000086c:	5299      	strh	r1, [r3, r2]
1000086e:	3218      	adds	r2, #24
10000870:	3101      	adds	r1, #1
10000872:	5299      	strh	r1, [r3, r2]
10000874:	3218      	adds	r2, #24
10000876:	3101      	adds	r1, #1
10000878:	5299      	strh	r1, [r3, r2]
1000087a:	3218      	adds	r2, #24
1000087c:	3101      	adds	r1, #1
1000087e:	5299      	strh	r1, [r3, r2]
10000880:	3218      	adds	r2, #24
10000882:	3101      	adds	r1, #1
10000884:	5299      	strh	r1, [r3, r2]
10000886:	4b0c      	ldr	r3, [pc, #48]	@ (100008b8 <runtime_init_default_alarm_pool+0xd0>)
10000888:	490c      	ldr	r1, [pc, #48]	@ (100008bc <runtime_init_default_alarm_pool+0xd4>)
1000088a:	60dc      	str	r4, [r3, #12]
1000088c:	3001      	adds	r0, #1
1000088e:	6235      	str	r5, [r6, #32]
10000890:	f7ff fdb8 	bl	10000404 <irq_set_exclusive_handler>
10000894:	2101      	movs	r1, #1
10000896:	2003      	movs	r0, #3
10000898:	f7ff fda2 	bl	100003e0 <irq_set_enabled>
1000089c:	4b08      	ldr	r3, [pc, #32]	@ (100008c0 <runtime_init_default_alarm_pool+0xd8>)
1000089e:	601d      	str	r5, [r3, #0]
100008a0:	e7a7      	b.n	100007f2 <runtime_init_default_alarm_pool+0xa>
100008a2:	46c0      	nop			@ (mov r8, r8)
100008a4:	2000019c 	.word	0x2000019c
100008a8:	2000076c 	.word	0x2000076c
100008ac:	40054000 	.word	0x40054000
100008b0:	34000040 	.word	0x34000040
100008b4:	0010ffff 	.word	0x0010ffff
100008b8:	20000758 	.word	0x20000758
100008bc:	100004e9 	.word	0x100004e9
100008c0:	40056038 	.word	0x40056038

100008c4 <alarm_pool_add_alarm_at_force_in_context>:
100008c4:	b570      	push	{r4, r5, r6, lr}
100008c6:	0001      	movs	r1, r0
100008c8:	6904      	ldr	r4, [r0, #16]
100008ca:	f3ef 8c10 	mrs	ip, PRIMASK
100008ce:	b672      	cpsid	i
100008d0:	6820      	ldr	r0, [r4, #0]
100008d2:	2800      	cmp	r0, #0
100008d4:	d0fc      	beq.n	100008d0 <alarm_pool_add_alarm_at_force_in_context+0xc>
100008d6:	f3bf 8f5f 	dmb	sy
100008da:	2002      	movs	r0, #2
100008dc:	5e0d      	ldrsh	r5, [r1, r0]
100008de:	694c      	ldr	r4, [r1, #20]
100008e0:	0068      	lsls	r0, r5, #1
100008e2:	1940      	adds	r0, r0, r5
100008e4:	00c0      	lsls	r0, r0, #3
100008e6:	1824      	adds	r4, r4, r0
100008e8:	6908      	ldr	r0, [r1, #16]
100008ea:	2d00      	cmp	r5, #0
100008ec:	db36      	blt.n	1000095c <alarm_pool_add_alarm_at_force_in_context+0x98>
100008ee:	8826      	ldrh	r6, [r4, #0]
100008f0:	804e      	strh	r6, [r1, #2]
100008f2:	f3bf 8f5f 	dmb	sy
100008f6:	2600      	movs	r6, #0
100008f8:	6006      	str	r6, [r0, #0]
100008fa:	f38c 8810 	msr	PRIMASK, ip
100008fe:	60e3      	str	r3, [r4, #12]
10000900:	8863      	ldrh	r3, [r4, #2]
10000902:	9804      	ldr	r0, [sp, #16]
10000904:	3301      	adds	r3, #1
10000906:	6120      	str	r0, [r4, #16]
10000908:	045b      	lsls	r3, r3, #17
1000090a:	9805      	ldr	r0, [sp, #20]
1000090c:	0c5b      	lsrs	r3, r3, #17
1000090e:	60a2      	str	r2, [r4, #8]
10000910:	6160      	str	r0, [r4, #20]
10000912:	1c1a      	adds	r2, r3, #0
10000914:	2b00      	cmp	r3, #0
10000916:	d01f      	beq.n	10000958 <alarm_pool_add_alarm_at_force_in_context+0x94>
10000918:	b293      	uxth	r3, r2
1000091a:	0428      	lsls	r0, r5, #16
1000091c:	8062      	strh	r2, [r4, #2]
1000091e:	4318      	orrs	r0, r3
10000920:	690a      	ldr	r2, [r1, #16]
10000922:	f3ef 8c10 	mrs	ip, PRIMASK
10000926:	b672      	cpsid	i
10000928:	6813      	ldr	r3, [r2, #0]
1000092a:	2b00      	cmp	r3, #0
1000092c:	d0fc      	beq.n	10000928 <alarm_pool_add_alarm_at_force_in_context+0x64>
1000092e:	f3bf 8f5f 	dmb	sy
10000932:	888b      	ldrh	r3, [r1, #4]
10000934:	8023      	strh	r3, [r4, #0]
10000936:	808d      	strh	r5, [r1, #4]
10000938:	690b      	ldr	r3, [r1, #16]
1000093a:	f3bf 8f5f 	dmb	sy
1000093e:	2200      	movs	r2, #0
10000940:	601a      	str	r2, [r3, #0]
10000942:	f38c 8810 	msr	PRIMASK, ip
10000946:	780b      	ldrb	r3, [r1, #0]
10000948:	3201      	adds	r2, #1
1000094a:	409a      	lsls	r2, r3
1000094c:	68cb      	ldr	r3, [r1, #12]
1000094e:	4908      	ldr	r1, [pc, #32]	@ (10000970 <alarm_pool_add_alarm_at_force_in_context+0xac>)
10000950:	468c      	mov	ip, r1
10000952:	4463      	add	r3, ip
10000954:	601a      	str	r2, [r3, #0]
10000956:	bd70      	pop	{r4, r5, r6, pc}
10000958:	2201      	movs	r2, #1
1000095a:	e7dd      	b.n	10000918 <alarm_pool_add_alarm_at_force_in_context+0x54>
1000095c:	f3bf 8f5f 	dmb	sy
10000960:	2300      	movs	r3, #0
10000962:	6003      	str	r3, [r0, #0]
10000964:	f38c 8810 	msr	PRIMASK, ip
10000968:	2001      	movs	r0, #1
1000096a:	4240      	negs	r0, r0
1000096c:	e7f3      	b.n	10000956 <alarm_pool_add_alarm_at_force_in_context+0x92>
1000096e:	46c0      	nop			@ (mov r8, r8)
10000970:	0000203c 	.word	0x0000203c

10000974 <alarm_pool_cancel_alarm>:
10000974:	b510      	push	{r4, lr}
10000976:	8943      	ldrh	r3, [r0, #10]
10000978:	140a      	asrs	r2, r1, #16
1000097a:	4293      	cmp	r3, r2
1000097c:	dd1a      	ble.n	100009b4 <alarm_pool_cancel_alarm+0x40>
1000097e:	0053      	lsls	r3, r2, #1
10000980:	189b      	adds	r3, r3, r2
10000982:	6942      	ldr	r2, [r0, #20]
10000984:	00db      	lsls	r3, r3, #3
10000986:	18d3      	adds	r3, r2, r3
10000988:	6904      	ldr	r4, [r0, #16]
1000098a:	f3ef 8c10 	mrs	ip, PRIMASK
1000098e:	b672      	cpsid	i
10000990:	6822      	ldr	r2, [r4, #0]
10000992:	2a00      	cmp	r2, #0
10000994:	d0fc      	beq.n	10000990 <alarm_pool_cancel_alarm+0x1c>
10000996:	f3bf 8f5f 	dmb	sy
1000099a:	885a      	ldrh	r2, [r3, #2]
1000099c:	0409      	lsls	r1, r1, #16
1000099e:	b294      	uxth	r4, r2
100009a0:	0c09      	lsrs	r1, r1, #16
100009a2:	428a      	cmp	r2, r1
100009a4:	d008      	beq.n	100009b8 <alarm_pool_cancel_alarm+0x44>
100009a6:	6903      	ldr	r3, [r0, #16]
100009a8:	f3bf 8f5f 	dmb	sy
100009ac:	2200      	movs	r2, #0
100009ae:	601a      	str	r2, [r3, #0]
100009b0:	f38c 8810 	msr	PRIMASK, ip
100009b4:	2000      	movs	r0, #0
100009b6:	bd10      	pop	{r4, pc}
100009b8:	2280      	movs	r2, #128	@ 0x80
100009ba:	0212      	lsls	r2, r2, #8
100009bc:	4314      	orrs	r4, r2
100009be:	805c      	strh	r4, [r3, #2]
100009c0:	2301      	movs	r3, #1
100009c2:	6902      	ldr	r2, [r0, #16]
100009c4:	7183      	strb	r3, [r0, #6]
100009c6:	f3bf 8f5f 	dmb	sy
100009ca:	2100      	movs	r1, #0
100009cc:	6011      	str	r1, [r2, #0]
100009ce:	f38c 8810 	msr	PRIMASK, ip
100009d2:	4904      	ldr	r1, [pc, #16]	@ (100009e4 <alarm_pool_cancel_alarm+0x70>)
100009d4:	7802      	ldrb	r2, [r0, #0]
100009d6:	468c      	mov	ip, r1
100009d8:	4093      	lsls	r3, r2
100009da:	68c2      	ldr	r2, [r0, #12]
100009dc:	2001      	movs	r0, #1
100009de:	4462      	add	r2, ip
100009e0:	6013      	str	r3, [r2, #0]
100009e2:	e7e8      	b.n	100009b6 <alarm_pool_cancel_alarm+0x42>
100009e4:	0000203c 	.word	0x0000203c

100009e8 <sleep_us>:
100009e8:	b5f0      	push	{r4, r5, r6, r7, lr}
100009ea:	46c6      	mov	lr, r8
100009ec:	b500      	push	{lr}
100009ee:	b082      	sub	sp, #8
100009f0:	0004      	movs	r4, r0
100009f2:	000d      	movs	r5, r1
100009f4:	f000 f906 	bl	10000c04 <time_us_64>
100009f8:	1824      	adds	r4, r4, r0
100009fa:	414d      	adcs	r5, r1
100009fc:	2d00      	cmp	r5, #0
100009fe:	da02      	bge.n	10000a06 <sleep_us+0x1e>
10000a00:	2401      	movs	r4, #1
10000a02:	4d2f      	ldr	r5, [pc, #188]	@ (10000ac0 <sleep_us+0xd8>)
10000a04:	4264      	negs	r4, r4
10000a06:	2606      	movs	r6, #6
10000a08:	4276      	negs	r6, r6
10000a0a:	17f7      	asrs	r7, r6, #31
10000a0c:	1936      	adds	r6, r6, r4
10000a0e:	416f      	adcs	r7, r5
10000a10:	42af      	cmp	r7, r5
10000a12:	d814      	bhi.n	10000a3e <sleep_us+0x56>
10000a14:	d011      	beq.n	10000a3a <sleep_us+0x52>
10000a16:	f000 f8f5 	bl	10000c04 <time_us_64>
10000a1a:	0032      	movs	r2, r6
10000a1c:	003b      	movs	r3, r7
10000a1e:	1a12      	subs	r2, r2, r0
10000a20:	418b      	sbcs	r3, r1
10000a22:	2b00      	cmp	r3, #0
10000a24:	dc15      	bgt.n	10000a52 <sleep_us+0x6a>
10000a26:	2b00      	cmp	r3, #0
10000a28:	d046      	beq.n	10000ab8 <sleep_us+0xd0>
10000a2a:	0020      	movs	r0, r4
10000a2c:	0029      	movs	r1, r5
10000a2e:	f000 f8f3 	bl	10000c18 <busy_wait_until>
10000a32:	b002      	add	sp, #8
10000a34:	bc80      	pop	{r7}
10000a36:	46b8      	mov	r8, r7
10000a38:	bdf0      	pop	{r4, r5, r6, r7, pc}
10000a3a:	42a6      	cmp	r6, r4
10000a3c:	d9eb      	bls.n	10000a16 <sleep_us+0x2e>
10000a3e:	2600      	movs	r6, #0
10000a40:	2700      	movs	r7, #0
10000a42:	f000 f8df 	bl	10000c04 <time_us_64>
10000a46:	0032      	movs	r2, r6
10000a48:	003b      	movs	r3, r7
10000a4a:	1a12      	subs	r2, r2, r0
10000a4c:	418b      	sbcs	r3, r1
10000a4e:	2b00      	cmp	r3, #0
10000a50:	dde9      	ble.n	10000a26 <sleep_us+0x3e>
10000a52:	f000 f8d7 	bl	10000c04 <time_us_64>
10000a56:	0032      	movs	r2, r6
10000a58:	003b      	movs	r3, r7
10000a5a:	1a12      	subs	r2, r2, r0
10000a5c:	418b      	sbcs	r3, r1
10000a5e:	2b00      	cmp	r3, #0
10000a60:	db0a      	blt.n	10000a78 <sleep_us+0x90>
10000a62:	2300      	movs	r3, #0
10000a64:	9301      	str	r3, [sp, #4]
10000a66:	4b17      	ldr	r3, [pc, #92]	@ (10000ac4 <sleep_us+0xdc>)
10000a68:	0032      	movs	r2, r6
10000a6a:	9300      	str	r3, [sp, #0]
10000a6c:	4816      	ldr	r0, [pc, #88]	@ (10000ac8 <sleep_us+0xe0>)
10000a6e:	003b      	movs	r3, r7
10000a70:	f7ff ff28 	bl	100008c4 <alarm_pool_add_alarm_at_force_in_context>
10000a74:	3001      	adds	r0, #1
10000a76:	d0d8      	beq.n	10000a2a <sleep_us+0x42>
10000a78:	2300      	movs	r3, #0
10000a7a:	0039      	movs	r1, r7
10000a7c:	46b0      	mov	r8, r6
10000a7e:	469c      	mov	ip, r3
10000a80:	4a12      	ldr	r2, [pc, #72]	@ (10000acc <sleep_us+0xe4>)
10000a82:	4813      	ldr	r0, [pc, #76]	@ (10000ad0 <sleep_us+0xe8>)
10000a84:	6a53      	ldr	r3, [r2, #36]	@ 0x24
10000a86:	4299      	cmp	r1, r3
10000a88:	d804      	bhi.n	10000a94 <sleep_us+0xac>
10000a8a:	6a96      	ldr	r6, [r2, #40]	@ 0x28
10000a8c:	45b0      	cmp	r8, r6
10000a8e:	d9cc      	bls.n	10000a2a <sleep_us+0x42>
10000a90:	4299      	cmp	r1, r3
10000a92:	d1ca      	bne.n	10000a2a <sleep_us+0x42>
10000a94:	6806      	ldr	r6, [r0, #0]
10000a96:	f3ef 8710 	mrs	r7, PRIMASK
10000a9a:	b672      	cpsid	i
10000a9c:	6833      	ldr	r3, [r6, #0]
10000a9e:	2b00      	cmp	r3, #0
10000aa0:	d0fc      	beq.n	10000a9c <sleep_us+0xb4>
10000aa2:	f3bf 8f5f 	dmb	sy
10000aa6:	6803      	ldr	r3, [r0, #0]
10000aa8:	f3bf 8f5f 	dmb	sy
10000aac:	4666      	mov	r6, ip
10000aae:	601e      	str	r6, [r3, #0]
10000ab0:	f387 8810 	msr	PRIMASK, r7
10000ab4:	bf20      	wfe
10000ab6:	e7e5      	b.n	10000a84 <sleep_us+0x9c>
10000ab8:	2a00      	cmp	r2, #0
10000aba:	d0b6      	beq.n	10000a2a <sleep_us+0x42>
10000abc:	e7c9      	b.n	10000a52 <sleep_us+0x6a>
10000abe:	46c0      	nop			@ (mov r8, r8)
10000ac0:	7fffffff 	.word	0x7fffffff
10000ac4:	100004b9 	.word	0x100004b9
10000ac8:	2000019c 	.word	0x2000019c
10000acc:	40054000 	.word	0x40054000
10000ad0:	2000076c 	.word	0x2000076c

10000ad4 <best_effort_wfe_or_timeout>:
10000ad4:	b5f0      	push	{r4, r5, r6, r7, lr}
10000ad6:	4657      	mov	r7, sl
10000ad8:	464e      	mov	r6, r9
10000ada:	46de      	mov	lr, fp
10000adc:	4645      	mov	r5, r8
10000ade:	b5e0      	push	{r5, r6, r7, lr}
10000ae0:	0006      	movs	r6, r0
10000ae2:	000f      	movs	r7, r1
10000ae4:	b085      	sub	sp, #20
10000ae6:	f3ef 8305 	mrs	r3, IPSR
10000aea:	4699      	mov	r9, r3
10000aec:	468b      	mov	fp, r1
10000aee:	2b00      	cmp	r3, #0
10000af0:	d012      	beq.n	10000b18 <best_effort_wfe_or_timeout+0x44>
10000af2:	4938      	ldr	r1, [pc, #224]	@ (10000bd4 <best_effort_wfe_or_timeout+0x100>)
10000af4:	2000      	movs	r0, #0
10000af6:	6a4b      	ldr	r3, [r1, #36]	@ 0x24
10000af8:	42bb      	cmp	r3, r7
10000afa:	d306      	bcc.n	10000b0a <best_effort_wfe_or_timeout+0x36>
10000afc:	6a8a      	ldr	r2, [r1, #40]	@ 0x28
10000afe:	1bdb      	subs	r3, r3, r7
10000b00:	1e59      	subs	r1, r3, #1
10000b02:	418b      	sbcs	r3, r1
10000b04:	42b2      	cmp	r2, r6
10000b06:	4140      	adcs	r0, r0
10000b08:	4318      	orrs	r0, r3
10000b0a:	b005      	add	sp, #20
10000b0c:	bcf0      	pop	{r4, r5, r6, r7}
10000b0e:	46bb      	mov	fp, r7
10000b10:	46b2      	mov	sl, r6
10000b12:	46a9      	mov	r9, r5
10000b14:	46a0      	mov	r8, r4
10000b16:	bdf0      	pop	{r4, r5, r6, r7, pc}
10000b18:	4b2f      	ldr	r3, [pc, #188]	@ (10000bd8 <best_effort_wfe_or_timeout+0x104>)
10000b1a:	469a      	mov	sl, r3
10000b1c:	68db      	ldr	r3, [r3, #12]
10000b1e:	4698      	mov	r8, r3
10000b20:	4653      	mov	r3, sl
10000b22:	781b      	ldrb	r3, [r3, #0]
10000b24:	4640      	mov	r0, r8
10000b26:	9303      	str	r3, [sp, #12]
10000b28:	f000 f864 	bl	10000bf4 <timer_time_us_64>
10000b2c:	4642      	mov	r2, r8
10000b2e:	9b03      	ldr	r3, [sp, #12]
10000b30:	0004      	movs	r4, r0
10000b32:	3304      	adds	r3, #4
10000b34:	009b      	lsls	r3, r3, #2
10000b36:	589b      	ldr	r3, [r3, r2]
10000b38:	000d      	movs	r5, r1
10000b3a:	1a1b      	subs	r3, r3, r0
10000b3c:	0039      	movs	r1, r7
10000b3e:	0030      	movs	r0, r6
10000b40:	1b00      	subs	r0, r0, r4
10000b42:	41a9      	sbcs	r1, r5
10000b44:	4589      	cmp	r9, r1
10000b46:	dc10      	bgt.n	10000b6a <best_effort_wfe_or_timeout+0x96>
10000b48:	d00d      	beq.n	10000b66 <best_effort_wfe_or_timeout+0x92>
10000b4a:	bf20      	wfe
10000b4c:	4a21      	ldr	r2, [pc, #132]	@ (10000bd4 <best_effort_wfe_or_timeout+0x100>)
10000b4e:	2000      	movs	r0, #0
10000b50:	6a53      	ldr	r3, [r2, #36]	@ 0x24
10000b52:	455b      	cmp	r3, fp
10000b54:	d3d9      	bcc.n	10000b0a <best_effort_wfe_or_timeout+0x36>
10000b56:	6a92      	ldr	r2, [r2, #40]	@ 0x28
10000b58:	1bdb      	subs	r3, r3, r7
10000b5a:	1e59      	subs	r1, r3, #1
10000b5c:	418b      	sbcs	r3, r1
10000b5e:	42b2      	cmp	r2, r6
10000b60:	4140      	adcs	r0, r0
10000b62:	4318      	orrs	r0, r3
10000b64:	e7d1      	b.n	10000b0a <best_effort_wfe_or_timeout+0x36>
10000b66:	4283      	cmp	r3, r0
10000b68:	d9ef      	bls.n	10000b4a <best_effort_wfe_or_timeout+0x76>
10000b6a:	f000 f84b 	bl	10000c04 <time_us_64>
10000b6e:	0032      	movs	r2, r6
10000b70:	003b      	movs	r3, r7
10000b72:	1a12      	subs	r2, r2, r0
10000b74:	418b      	sbcs	r3, r1
10000b76:	2b00      	cmp	r3, #0
10000b78:	db1a      	blt.n	10000bb0 <best_effort_wfe_or_timeout+0xdc>
10000b7a:	2300      	movs	r3, #0
10000b7c:	9301      	str	r3, [sp, #4]
10000b7e:	4b17      	ldr	r3, [pc, #92]	@ (10000bdc <best_effort_wfe_or_timeout+0x108>)
10000b80:	0032      	movs	r2, r6
10000b82:	9300      	str	r3, [sp, #0]
10000b84:	4650      	mov	r0, sl
10000b86:	003b      	movs	r3, r7
10000b88:	f7ff fe9c 	bl	100008c4 <alarm_pool_add_alarm_at_force_in_context>
10000b8c:	1e01      	subs	r1, r0, #0
10000b8e:	dd0f      	ble.n	10000bb0 <best_effort_wfe_or_timeout+0xdc>
10000b90:	4b10      	ldr	r3, [pc, #64]	@ (10000bd4 <best_effort_wfe_or_timeout+0x100>)
10000b92:	6a5a      	ldr	r2, [r3, #36]	@ 0x24
10000b94:	455a      	cmp	r2, fp
10000b96:	d31b      	bcc.n	10000bd0 <best_effort_wfe_or_timeout+0xfc>
10000b98:	6a9b      	ldr	r3, [r3, #40]	@ 0x28
10000b9a:	42b3      	cmp	r3, r6
10000b9c:	d316      	bcc.n	10000bcc <best_effort_wfe_or_timeout+0xf8>
10000b9e:	4650      	mov	r0, sl
10000ba0:	f7ff fee8 	bl	10000974 <alarm_pool_cancel_alarm>
10000ba4:	4a0b      	ldr	r2, [pc, #44]	@ (10000bd4 <best_effort_wfe_or_timeout+0x100>)
10000ba6:	2000      	movs	r0, #0
10000ba8:	6a53      	ldr	r3, [r2, #36]	@ 0x24
10000baa:	455b      	cmp	r3, fp
10000bac:	d3ad      	bcc.n	10000b0a <best_effort_wfe_or_timeout+0x36>
10000bae:	e7d2      	b.n	10000b56 <best_effort_wfe_or_timeout+0x82>
10000bb0:	4a08      	ldr	r2, [pc, #32]	@ (10000bd4 <best_effort_wfe_or_timeout+0x100>)
10000bb2:	2000      	movs	r0, #0
10000bb4:	6a53      	ldr	r3, [r2, #36]	@ 0x24
10000bb6:	455b      	cmp	r3, fp
10000bb8:	d3a7      	bcc.n	10000b0a <best_effort_wfe_or_timeout+0x36>
10000bba:	2000      	movs	r0, #0
10000bbc:	6a92      	ldr	r2, [r2, #40]	@ 0x28
10000bbe:	1bdb      	subs	r3, r3, r7
10000bc0:	42b2      	cmp	r2, r6
10000bc2:	4140      	adcs	r0, r0
10000bc4:	1e5a      	subs	r2, r3, #1
10000bc6:	4193      	sbcs	r3, r2
10000bc8:	4318      	orrs	r0, r3
10000bca:	e79e      	b.n	10000b0a <best_effort_wfe_or_timeout+0x36>
10000bcc:	455a      	cmp	r2, fp
10000bce:	d1e6      	bne.n	10000b9e <best_effort_wfe_or_timeout+0xca>
10000bd0:	bf20      	wfe
10000bd2:	e7e4      	b.n	10000b9e <best_effort_wfe_or_timeout+0xca>
10000bd4:	40054000 	.word	0x40054000
10000bd8:	2000019c 	.word	0x2000019c
10000bdc:	100004b9 	.word	0x100004b9

10000be0 <timer_hardware_alarm_claim>:
10000be0:	b510      	push	{r4, lr}
10000be2:	4a02      	ldr	r2, [pc, #8]	@ (10000bec <timer_hardware_alarm_claim+0xc>)
10000be4:	4802      	ldr	r0, [pc, #8]	@ (10000bf0 <timer_hardware_alarm_claim+0x10>)
10000be6:	f7ff fbad 	bl	10000344 <hw_claim_or_assert>
10000bea:	bd10      	pop	{r4, pc}
10000bec:	100017d8 	.word	0x100017d8
10000bf0:	20000708 	.word	0x20000708

10000bf4 <timer_time_us_64>:
10000bf4:	0003      	movs	r3, r0
10000bf6:	6a41      	ldr	r1, [r0, #36]	@ 0x24
10000bf8:	000a      	movs	r2, r1
10000bfa:	6a98      	ldr	r0, [r3, #40]	@ 0x28
10000bfc:	6a59      	ldr	r1, [r3, #36]	@ 0x24
10000bfe:	428a      	cmp	r2, r1
10000c00:	d1fa      	bne.n	10000bf8 <timer_time_us_64+0x4>
10000c02:	4770      	bx	lr

10000c04 <time_us_64>:
10000c04:	4b03      	ldr	r3, [pc, #12]	@ (10000c14 <time_us_64+0x10>)
10000c06:	6a59      	ldr	r1, [r3, #36]	@ 0x24
10000c08:	000a      	movs	r2, r1
10000c0a:	6a98      	ldr	r0, [r3, #40]	@ 0x28
10000c0c:	6a59      	ldr	r1, [r3, #36]	@ 0x24
10000c0e:	4291      	cmp	r1, r2
10000c10:	d1fa      	bne.n	10000c08 <time_us_64+0x4>
10000c12:	4770      	bx	lr
10000c14:	40054000 	.word	0x40054000

10000c18 <busy_wait_until>:
10000c18:	4a06      	ldr	r2, [pc, #24]	@ (10000c34 <busy_wait_until+0x1c>)
10000c1a:	6a53      	ldr	r3, [r2, #36]	@ 0x24
10000c1c:	4299      	cmp	r1, r3
10000c1e:	d8fc      	bhi.n	10000c1a <busy_wait_until+0x2>
10000c20:	d107      	bne.n	10000c32 <busy_wait_until+0x1a>
10000c22:	4b04      	ldr	r3, [pc, #16]	@ (10000c34 <busy_wait_until+0x1c>)
10000c24:	e002      	b.n	10000c2c <busy_wait_until+0x14>
10000c26:	6a5a      	ldr	r2, [r3, #36]	@ 0x24
10000c28:	4291      	cmp	r1, r2
10000c2a:	d102      	bne.n	10000c32 <busy_wait_until+0x1a>
10000c2c:	6a9a      	ldr	r2, [r3, #40]	@ 0x28
10000c2e:	4290      	cmp	r0, r2
10000c30:	d8f9      	bhi.n	10000c26 <busy_wait_until+0xe>
10000c32:	4770      	bx	lr
10000c34:	40054000 	.word	0x40054000

10000c38 <clock_configure_int_divider>:
10000c38:	b5f8      	push	{r3, r4, r5, r6, r7, lr}
10000c3a:	46de      	mov	lr, fp
10000c3c:	464e      	mov	r6, r9
10000c3e:	4657      	mov	r7, sl
10000c40:	4645      	mov	r5, r8
10000c42:	b5e0      	push	{r5, r6, r7, lr}
10000c44:	468b      	mov	fp, r1
10000c46:	0005      	movs	r5, r0
10000c48:	990a      	ldr	r1, [sp, #40]	@ 0x28
10000c4a:	0018      	movs	r0, r3
10000c4c:	0016      	movs	r6, r2
10000c4e:	f000 fa67 	bl	10001120 <__wrap___aeabi_uidiv>
10000c52:	9b0a      	ldr	r3, [sp, #40]	@ 0x28
10000c54:	006c      	lsls	r4, r5, #1
10000c56:	021f      	lsls	r7, r3, #8
10000c58:	4b32      	ldr	r3, [pc, #200]	@ (10000d24 <clock_configure_int_divider+0xec>)
10000c5a:	1964      	adds	r4, r4, r5
10000c5c:	469c      	mov	ip, r3
10000c5e:	00a4      	lsls	r4, r4, #2
10000c60:	4464      	add	r4, ip
10000c62:	6863      	ldr	r3, [r4, #4]
10000c64:	4681      	mov	r9, r0
10000c66:	429f      	cmp	r7, r3
10000c68:	d900      	bls.n	10000c6c <clock_configure_int_divider+0x34>
10000c6a:	6067      	str	r7, [r4, #4]
10000c6c:	1f2b      	subs	r3, r5, #4
10000c6e:	b2db      	uxtb	r3, r3
10000c70:	4698      	mov	r8, r3
10000c72:	2b01      	cmp	r3, #1
10000c74:	d930      	bls.n	10000cd8 <clock_configure_int_divider+0xa0>
10000c76:	23c0      	movs	r3, #192	@ 0xc0
10000c78:	2280      	movs	r2, #128	@ 0x80
10000c7a:	019b      	lsls	r3, r3, #6
10000c7c:	18e3      	adds	r3, r4, r3
10000c7e:	0112      	lsls	r2, r2, #4
10000c80:	601a      	str	r2, [r3, #0]
10000c82:	4b29      	ldr	r3, [pc, #164]	@ (10000d28 <clock_configure_int_divider+0xf0>)
10000c84:	00ad      	lsls	r5, r5, #2
10000c86:	5959      	ldr	r1, [r3, r5]
10000c88:	469a      	mov	sl, r3
10000c8a:	2900      	cmp	r1, #0
10000c8c:	d11b      	bne.n	10000cc6 <clock_configure_int_divider+0x8e>
10000c8e:	0173      	lsls	r3, r6, #5
10000c90:	26e0      	movs	r6, #224	@ 0xe0
10000c92:	6822      	ldr	r2, [r4, #0]
10000c94:	4053      	eors	r3, r2
10000c96:	401e      	ands	r6, r3
10000c98:	2380      	movs	r3, #128	@ 0x80
10000c9a:	4642      	mov	r2, r8
10000c9c:	015b      	lsls	r3, r3, #5
10000c9e:	18e3      	adds	r3, r4, r3
10000ca0:	601e      	str	r6, [r3, #0]
10000ca2:	2a01      	cmp	r2, #1
10000ca4:	d930      	bls.n	10000d08 <clock_configure_int_divider+0xd0>
10000ca6:	2380      	movs	r3, #128	@ 0x80
10000ca8:	2280      	movs	r2, #128	@ 0x80
10000caa:	019b      	lsls	r3, r3, #6
10000cac:	18e3      	adds	r3, r4, r3
10000cae:	0112      	lsls	r2, r2, #4
10000cb0:	601a      	str	r2, [r3, #0]
10000cb2:	4653      	mov	r3, sl
10000cb4:	464a      	mov	r2, r9
10000cb6:	6067      	str	r7, [r4, #4]
10000cb8:	515a      	str	r2, [r3, r5]
10000cba:	bcf0      	pop	{r4, r5, r6, r7}
10000cbc:	46bb      	mov	fp, r7
10000cbe:	46b2      	mov	sl, r6
10000cc0:	46a9      	mov	r9, r5
10000cc2:	46a0      	mov	r8, r4
10000cc4:	bdf8      	pop	{r3, r4, r5, r6, r7, pc}
10000cc6:	6958      	ldr	r0, [r3, #20]
10000cc8:	f000 fa2a 	bl	10001120 <__wrap___aeabi_uidiv>
10000ccc:	3001      	adds	r0, #1
10000cce:	0043      	lsls	r3, r0, #1
10000cd0:	181b      	adds	r3, r3, r0
10000cd2:	3b03      	subs	r3, #3
10000cd4:	d2fd      	bcs.n	10000cd2 <clock_configure_int_divider+0x9a>
10000cd6:	e7da      	b.n	10000c8e <clock_configure_int_divider+0x56>
10000cd8:	465b      	mov	r3, fp
10000cda:	2b01      	cmp	r3, #1
10000cdc:	d1cb      	bne.n	10000c76 <clock_configure_int_divider+0x3e>
10000cde:	23c0      	movs	r3, #192	@ 0xc0
10000ce0:	2203      	movs	r2, #3
10000ce2:	019b      	lsls	r3, r3, #6
10000ce4:	18e3      	adds	r3, r4, r3
10000ce6:	601a      	str	r2, [r3, #0]
10000ce8:	3a02      	subs	r2, #2
10000cea:	68a3      	ldr	r3, [r4, #8]
10000cec:	421a      	tst	r2, r3
10000cee:	d0fc      	beq.n	10000cea <clock_configure_int_divider+0xb2>
10000cf0:	0173      	lsls	r3, r6, #5
10000cf2:	26e0      	movs	r6, #224	@ 0xe0
10000cf4:	6822      	ldr	r2, [r4, #0]
10000cf6:	00ad      	lsls	r5, r5, #2
10000cf8:	4053      	eors	r3, r2
10000cfa:	401e      	ands	r6, r3
10000cfc:	2380      	movs	r3, #128	@ 0x80
10000cfe:	4a0a      	ldr	r2, [pc, #40]	@ (10000d28 <clock_configure_int_divider+0xf0>)
10000d00:	015b      	lsls	r3, r3, #5
10000d02:	4692      	mov	sl, r2
10000d04:	18e3      	adds	r3, r4, r3
10000d06:	601e      	str	r6, [r3, #0]
10000d08:	465a      	mov	r2, fp
10000d0a:	6821      	ldr	r1, [r4, #0]
10000d0c:	4051      	eors	r1, r2
10000d0e:	2203      	movs	r2, #3
10000d10:	400a      	ands	r2, r1
10000d12:	601a      	str	r2, [r3, #0]
10000d14:	2201      	movs	r2, #1
10000d16:	465b      	mov	r3, fp
10000d18:	409a      	lsls	r2, r3
10000d1a:	68a3      	ldr	r3, [r4, #8]
10000d1c:	421a      	tst	r2, r3
10000d1e:	d0fc      	beq.n	10000d1a <clock_configure_int_divider+0xe2>
10000d20:	e7c1      	b.n	10000ca6 <clock_configure_int_divider+0x6e>
10000d22:	46c0      	nop			@ (mov r8, r8)
10000d24:	40008000 	.word	0x40008000
10000d28:	2000070c 	.word	0x2000070c

10000d2c <clock_configure_undivided>:
10000d2c:	b5f0      	push	{r4, r5, r6, r7, lr}
10000d2e:	4646      	mov	r6, r8
10000d30:	464f      	mov	r7, r9
10000d32:	46d6      	mov	lr, sl
10000d34:	b5c0      	push	{r6, r7, lr}
10000d36:	001f      	movs	r7, r3
10000d38:	4b34      	ldr	r3, [pc, #208]	@ (10000e0c <clock_configure_undivided+0xe0>)
10000d3a:	0044      	lsls	r4, r0, #1
10000d3c:	469c      	mov	ip, r3
10000d3e:	1824      	adds	r4, r4, r0
10000d40:	00a4      	lsls	r4, r4, #2
10000d42:	4464      	add	r4, ip
10000d44:	6863      	ldr	r3, [r4, #4]
10000d46:	4688      	mov	r8, r1
10000d48:	0016      	movs	r6, r2
10000d4a:	2bff      	cmp	r3, #255	@ 0xff
10000d4c:	d802      	bhi.n	10000d54 <clock_configure_undivided+0x28>
10000d4e:	2380      	movs	r3, #128	@ 0x80
10000d50:	005b      	lsls	r3, r3, #1
10000d52:	6063      	str	r3, [r4, #4]
10000d54:	1f03      	subs	r3, r0, #4
10000d56:	b2db      	uxtb	r3, r3
10000d58:	469a      	mov	sl, r3
10000d5a:	2b01      	cmp	r3, #1
10000d5c:	d930      	bls.n	10000dc0 <clock_configure_undivided+0x94>
10000d5e:	23c0      	movs	r3, #192	@ 0xc0
10000d60:	2280      	movs	r2, #128	@ 0x80
10000d62:	019b      	lsls	r3, r3, #6
10000d64:	18e3      	adds	r3, r4, r3
10000d66:	0112      	lsls	r2, r2, #4
10000d68:	601a      	str	r2, [r3, #0]
10000d6a:	4b29      	ldr	r3, [pc, #164]	@ (10000e10 <clock_configure_undivided+0xe4>)
10000d6c:	0085      	lsls	r5, r0, #2
10000d6e:	5959      	ldr	r1, [r3, r5]
10000d70:	4699      	mov	r9, r3
10000d72:	2900      	cmp	r1, #0
10000d74:	d11b      	bne.n	10000dae <clock_configure_undivided+0x82>
10000d76:	0173      	lsls	r3, r6, #5
10000d78:	26e0      	movs	r6, #224	@ 0xe0
10000d7a:	6822      	ldr	r2, [r4, #0]
10000d7c:	4053      	eors	r3, r2
10000d7e:	401e      	ands	r6, r3
10000d80:	2380      	movs	r3, #128	@ 0x80
10000d82:	4652      	mov	r2, sl
10000d84:	015b      	lsls	r3, r3, #5
10000d86:	18e3      	adds	r3, r4, r3
10000d88:	601e      	str	r6, [r3, #0]
10000d8a:	2a01      	cmp	r2, #1
10000d8c:	d930      	bls.n	10000df0 <clock_configure_undivided+0xc4>
10000d8e:	2380      	movs	r3, #128	@ 0x80
10000d90:	2280      	movs	r2, #128	@ 0x80
10000d92:	019b      	lsls	r3, r3, #6
10000d94:	18e3      	adds	r3, r4, r3
10000d96:	0112      	lsls	r2, r2, #4
10000d98:	601a      	str	r2, [r3, #0]
10000d9a:	2380      	movs	r3, #128	@ 0x80
10000d9c:	005b      	lsls	r3, r3, #1
10000d9e:	6063      	str	r3, [r4, #4]
10000da0:	464b      	mov	r3, r9
10000da2:	515f      	str	r7, [r3, r5]
10000da4:	bce0      	pop	{r5, r6, r7}
10000da6:	46ba      	mov	sl, r7
10000da8:	46b1      	mov	r9, r6
10000daa:	46a8      	mov	r8, r5
10000dac:	bdf0      	pop	{r4, r5, r6, r7, pc}
10000dae:	6958      	ldr	r0, [r3, #20]
10000db0:	f000 f9b6 	bl	10001120 <__wrap___aeabi_uidiv>
10000db4:	3001      	adds	r0, #1
10000db6:	0043      	lsls	r3, r0, #1
10000db8:	181b      	adds	r3, r3, r0
10000dba:	3b03      	subs	r3, #3
10000dbc:	d2fd      	bcs.n	10000dba <clock_configure_undivided+0x8e>
10000dbe:	e7da      	b.n	10000d76 <clock_configure_undivided+0x4a>
10000dc0:	4643      	mov	r3, r8
10000dc2:	2b01      	cmp	r3, #1
10000dc4:	d1cb      	bne.n	10000d5e <clock_configure_undivided+0x32>
10000dc6:	23c0      	movs	r3, #192	@ 0xc0
10000dc8:	2203      	movs	r2, #3
10000dca:	019b      	lsls	r3, r3, #6
10000dcc:	18e3      	adds	r3, r4, r3
10000dce:	601a      	str	r2, [r3, #0]
10000dd0:	3a02      	subs	r2, #2
10000dd2:	68a3      	ldr	r3, [r4, #8]
10000dd4:	421a      	tst	r2, r3
10000dd6:	d0fc      	beq.n	10000dd2 <clock_configure_undivided+0xa6>
10000dd8:	0173      	lsls	r3, r6, #5
10000dda:	26e0      	movs	r6, #224	@ 0xe0
10000ddc:	6822      	ldr	r2, [r4, #0]
10000dde:	0085      	lsls	r5, r0, #2
10000de0:	4053      	eors	r3, r2
10000de2:	401e      	ands	r6, r3
10000de4:	2380      	movs	r3, #128	@ 0x80
10000de6:	4a0a      	ldr	r2, [pc, #40]	@ (10000e10 <clock_configure_undivided+0xe4>)
10000de8:	015b      	lsls	r3, r3, #5
10000dea:	4691      	mov	r9, r2
10000dec:	18e3      	adds	r3, r4, r3
10000dee:	601e      	str	r6, [r3, #0]
10000df0:	4642      	mov	r2, r8
10000df2:	6821      	ldr	r1, [r4, #0]
10000df4:	4051      	eors	r1, r2
10000df6:	2203      	movs	r2, #3
10000df8:	400a      	ands	r2, r1
10000dfa:	601a      	str	r2, [r3, #0]
10000dfc:	2301      	movs	r3, #1
10000dfe:	4642      	mov	r2, r8
10000e00:	4093      	lsls	r3, r2
10000e02:	68a2      	ldr	r2, [r4, #8]
10000e04:	4213      	tst	r3, r2
10000e06:	d0fc      	beq.n	10000e02 <clock_configure_undivided+0xd6>
10000e08:	e7c1      	b.n	10000d8e <clock_configure_undivided+0x62>
10000e0a:	46c0      	nop			@ (mov r8, r8)
10000e0c:	40008000 	.word	0x40008000
10000e10:	2000070c 	.word	0x2000070c

10000e14 <clock_get_hz>:
10000e14:	4b01      	ldr	r3, [pc, #4]	@ (10000e1c <clock_get_hz+0x8>)
10000e16:	0080      	lsls	r0, r0, #2
10000e18:	58c0      	ldr	r0, [r0, r3]
10000e1a:	4770      	bx	lr
10000e1c:	2000070c 	.word	0x2000070c

10000e20 <pll_init>:
10000e20:	b5f8      	push	{r3, r4, r5, r6, r7, lr}
10000e22:	0004      	movs	r4, r0
10000e24:	4821      	ldr	r0, [pc, #132]	@ (10000eac <pll_init+0x8c>)
10000e26:	001e      	movs	r6, r3
10000e28:	0017      	movs	r7, r2
10000e2a:	000d      	movs	r5, r1
10000e2c:	f000 f978 	bl	10001120 <__wrap___aeabi_uidiv>
10000e30:	0001      	movs	r1, r0
10000e32:	0038      	movs	r0, r7
10000e34:	f000 f974 	bl	10001120 <__wrap___aeabi_uidiv>
10000e38:	9b06      	ldr	r3, [sp, #24]
10000e3a:	0436      	lsls	r6, r6, #16
10000e3c:	031b      	lsls	r3, r3, #12
10000e3e:	431e      	orrs	r6, r3
10000e40:	6823      	ldr	r3, [r4, #0]
10000e42:	2b00      	cmp	r3, #0
10000e44:	db20      	blt.n	10000e88 <pll_init+0x68>
10000e46:	4b1a      	ldr	r3, [pc, #104]	@ (10000eb0 <pll_init+0x90>)
10000e48:	491a      	ldr	r1, [pc, #104]	@ (10000eb4 <pll_init+0x94>)
10000e4a:	18e3      	adds	r3, r4, r3
10000e4c:	1e5a      	subs	r2, r3, #1
10000e4e:	4193      	sbcs	r3, r2
10000e50:	2280      	movs	r2, #128	@ 0x80
10000e52:	0192      	lsls	r2, r2, #6
10000e54:	4694      	mov	ip, r2
10000e56:	425b      	negs	r3, r3
10000e58:	0b1b      	lsrs	r3, r3, #12
10000e5a:	4a17      	ldr	r2, [pc, #92]	@ (10000eb8 <pll_init+0x98>)
10000e5c:	031b      	lsls	r3, r3, #12
10000e5e:	4463      	add	r3, ip
10000e60:	6013      	str	r3, [r2, #0]
10000e62:	4a16      	ldr	r2, [pc, #88]	@ (10000ebc <pll_init+0x9c>)
10000e64:	6013      	str	r3, [r2, #0]
10000e66:	001f      	movs	r7, r3
10000e68:	680a      	ldr	r2, [r1, #0]
10000e6a:	4397      	bics	r7, r2
10000e6c:	d1fb      	bne.n	10000e66 <pll_init+0x46>
10000e6e:	4b14      	ldr	r3, [pc, #80]	@ (10000ec0 <pll_init+0xa0>)
10000e70:	6025      	str	r5, [r4, #0]
10000e72:	18e2      	adds	r2, r4, r3
10000e74:	2321      	movs	r3, #33	@ 0x21
10000e76:	60a0      	str	r0, [r4, #8]
10000e78:	6013      	str	r3, [r2, #0]
10000e7a:	6823      	ldr	r3, [r4, #0]
10000e7c:	2b00      	cmp	r3, #0
10000e7e:	dafc      	bge.n	10000e7a <pll_init+0x5a>
10000e80:	2308      	movs	r3, #8
10000e82:	60e6      	str	r6, [r4, #12]
10000e84:	6013      	str	r3, [r2, #0]
10000e86:	bdf8      	pop	{r3, r4, r5, r6, r7, pc}
10000e88:	233f      	movs	r3, #63	@ 0x3f
10000e8a:	6822      	ldr	r2, [r4, #0]
10000e8c:	4013      	ands	r3, r2
10000e8e:	42ab      	cmp	r3, r5
10000e90:	d1d9      	bne.n	10000e46 <pll_init+0x26>
10000e92:	68a3      	ldr	r3, [r4, #8]
10000e94:	051b      	lsls	r3, r3, #20
10000e96:	0d1b      	lsrs	r3, r3, #20
10000e98:	4283      	cmp	r3, r0
10000e9a:	d1d4      	bne.n	10000e46 <pll_init+0x26>
10000e9c:	22ee      	movs	r2, #238	@ 0xee
10000e9e:	68e3      	ldr	r3, [r4, #12]
10000ea0:	02d2      	lsls	r2, r2, #11
10000ea2:	4013      	ands	r3, r2
10000ea4:	42b3      	cmp	r3, r6
10000ea6:	d1ce      	bne.n	10000e46 <pll_init+0x26>
10000ea8:	e7ed      	b.n	10000e86 <pll_init+0x66>
10000eaa:	46c0      	nop			@ (mov r8, r8)
10000eac:	00b71b00 	.word	0x00b71b00
10000eb0:	bffd4000 	.word	0xbffd4000
10000eb4:	4000c008 	.word	0x4000c008
10000eb8:	4000e000 	.word	0x4000e000
10000ebc:	4000f000 	.word	0x4000f000
10000ec0:	00003004 	.word	0x00003004

10000ec4 <tick_start>:
10000ec4:	2380      	movs	r3, #128	@ 0x80
10000ec6:	4a02      	ldr	r2, [pc, #8]	@ (10000ed0 <tick_start+0xc>)
10000ec8:	009b      	lsls	r3, r3, #2
10000eca:	430b      	orrs	r3, r1
10000ecc:	62d3      	str	r3, [r2, #44]	@ 0x2c
10000ece:	4770      	bx	lr
10000ed0:	40058000 	.word	0x40058000

10000ed4 <rom_func_lookup>:
10000ed4:	2300      	movs	r3, #0
10000ed6:	b510      	push	{r4, lr}
10000ed8:	0001      	movs	r1, r0
10000eda:	8a98      	ldrh	r0, [r3, #20]
10000edc:	8b1b      	ldrh	r3, [r3, #24]
10000ede:	4798      	blx	r3
10000ee0:	bd10      	pop	{r4, pc}
10000ee2:	46c0      	nop			@ (mov r8, r8)

10000ee4 <rom_data_lookup>:
10000ee4:	2316      	movs	r3, #22
10000ee6:	b510      	push	{r4, lr}
10000ee8:	0001      	movs	r1, r0
10000eea:	8818      	ldrh	r0, [r3, #0]
10000eec:	3302      	adds	r3, #2
10000eee:	881b      	ldrh	r3, [r3, #0]
10000ef0:	4798      	blx	r3
10000ef2:	bd10      	pop	{r4, pc}

10000ef4 <rom_funcs_lookup>:
10000ef4:	b5f8      	push	{r3, r4, r5, r6, r7, lr}
10000ef6:	4647      	mov	r7, r8
10000ef8:	46ce      	mov	lr, r9
10000efa:	b580      	push	{r7, lr}
10000efc:	1e0f      	subs	r7, r1, #0
10000efe:	d018      	beq.n	10000f32 <rom_funcs_lookup+0x3e>
10000f00:	2314      	movs	r3, #20
10000f02:	4699      	mov	r9, r3
10000f04:	3304      	adds	r3, #4
10000f06:	0004      	movs	r4, r0
10000f08:	2500      	movs	r5, #0
10000f0a:	2601      	movs	r6, #1
10000f0c:	4698      	mov	r8, r3
10000f0e:	464b      	mov	r3, r9
10000f10:	8818      	ldrh	r0, [r3, #0]
10000f12:	4643      	mov	r3, r8
10000f14:	6821      	ldr	r1, [r4, #0]
10000f16:	881b      	ldrh	r3, [r3, #0]
10000f18:	4798      	blx	r3
10000f1a:	c401      	stmia	r4!, {r0}
10000f1c:	1e43      	subs	r3, r0, #1
10000f1e:	4198      	sbcs	r0, r3
10000f20:	3501      	adds	r5, #1
10000f22:	4006      	ands	r6, r0
10000f24:	42af      	cmp	r7, r5
10000f26:	d1f2      	bne.n	10000f0e <rom_funcs_lookup+0x1a>
10000f28:	0030      	movs	r0, r6
10000f2a:	bcc0      	pop	{r6, r7}
10000f2c:	46b9      	mov	r9, r7
10000f2e:	46b0      	mov	r8, r6
10000f30:	bdf8      	pop	{r3, r4, r5, r6, r7, pc}
10000f32:	2601      	movs	r6, #1
10000f34:	e7f8      	b.n	10000f28 <rom_funcs_lookup+0x34>
10000f36:	46c0      	nop			@ (mov r8, r8)

10000f38 <xosc_init>:
10000f38:	23aa      	movs	r3, #170	@ 0xaa
10000f3a:	4a06      	ldr	r2, [pc, #24]	@ (10000f54 <xosc_init+0x1c>)
10000f3c:	011b      	lsls	r3, r3, #4
10000f3e:	6013      	str	r3, [r2, #0]
10000f40:	238d      	movs	r3, #141	@ 0x8d
10000f42:	005b      	lsls	r3, r3, #1
10000f44:	60d3      	str	r3, [r2, #12]
10000f46:	4904      	ldr	r1, [pc, #16]	@ (10000f58 <xosc_init+0x20>)
10000f48:	4b04      	ldr	r3, [pc, #16]	@ (10000f5c <xosc_init+0x24>)
10000f4a:	6019      	str	r1, [r3, #0]
10000f4c:	6853      	ldr	r3, [r2, #4]
10000f4e:	2b00      	cmp	r3, #0
10000f50:	dafc      	bge.n	10000f4c <xosc_init+0x14>
10000f52:	4770      	bx	lr
10000f54:	40024000 	.word	0x40024000
10000f58:	00fab000 	.word	0x00fab000
10000f5c:	40026000 	.word	0x40026000

10000f60 <first_per_core_initializer>:
10000f60:	4770      	bx	lr
10000f62:	46c0      	nop			@ (mov r8, r8)

10000f64 <hard_assertion_failure>:
10000f64:	b510      	push	{r4, lr}
10000f66:	4801      	ldr	r0, [pc, #4]	@ (10000f6c <hard_assertion_failure+0x8>)
10000f68:	f7ff f9d4 	bl	10000314 <panic>
10000f6c:	100017fc 	.word	0x100017fc

10000f70 <runtime_run_initializers>:
10000f70:	b570      	push	{r4, r5, r6, lr}
10000f72:	4d07      	ldr	r5, [pc, #28]	@ (10000f90 <runtime_run_initializers+0x20>)
10000f74:	4e07      	ldr	r6, [pc, #28]	@ (10000f94 <runtime_run_initializers+0x24>)
10000f76:	42b5      	cmp	r5, r6
10000f78:	d209      	bcs.n	10000f8e <runtime_run_initializers+0x1e>
10000f7a:	2400      	movs	r4, #0
10000f7c:	3e01      	subs	r6, #1
10000f7e:	1b76      	subs	r6, r6, r5
10000f80:	08b6      	lsrs	r6, r6, #2
10000f82:	cd08      	ldmia	r5!, {r3}
10000f84:	4798      	blx	r3
10000f86:	0023      	movs	r3, r4
10000f88:	3401      	adds	r4, #1
10000f8a:	42b3      	cmp	r3, r6
10000f8c:	d1f9      	bne.n	10000f82 <runtime_run_initializers+0x12>
10000f8e:	bd70      	pop	{r4, r5, r6, pc}
10000f90:	10001780 	.word	0x10001780
10000f94:	100017bc 	.word	0x100017bc

10000f98 <runtime_init_early_resets>:
10000f98:	4b05      	ldr	r3, [pc, #20]	@ (10000fb0 <runtime_init_early_resets+0x18>)
10000f9a:	4a06      	ldr	r2, [pc, #24]	@ (10000fb4 <runtime_init_early_resets+0x1c>)
10000f9c:	4906      	ldr	r1, [pc, #24]	@ (10000fb8 <runtime_init_early_resets+0x20>)
10000f9e:	601a      	str	r2, [r3, #0]
10000fa0:	4a06      	ldr	r2, [pc, #24]	@ (10000fbc <runtime_init_early_resets+0x24>)
10000fa2:	4b07      	ldr	r3, [pc, #28]	@ (10000fc0 <runtime_init_early_resets+0x28>)
10000fa4:	601a      	str	r2, [r3, #0]
10000fa6:	0010      	movs	r0, r2
10000fa8:	680b      	ldr	r3, [r1, #0]
10000faa:	4398      	bics	r0, r3
10000fac:	d1fb      	bne.n	10000fa6 <runtime_init_early_resets+0xe>
10000fae:	4770      	bx	lr
10000fb0:	4000e000 	.word	0x4000e000
10000fb4:	fefbcdbf 	.word	0xfefbcdbf
10000fb8:	4000c008 	.word	0x4000c008
10000fbc:	003c7ffe 	.word	0x003c7ffe
10000fc0:	4000f000 	.word	0x4000f000

10000fc4 <runtime_init_usb_power_down>:
10000fc4:	4b04      	ldr	r3, [pc, #16]	@ (10000fd8 <runtime_init_usb_power_down+0x14>)
10000fc6:	6cdb      	ldr	r3, [r3, #76]	@ 0x4c
10000fc8:	2b00      	cmp	r3, #0
10000fca:	d103      	bne.n	10000fd4 <runtime_init_usb_power_down+0x10>
10000fcc:	2280      	movs	r2, #128	@ 0x80
10000fce:	4b03      	ldr	r3, [pc, #12]	@ (10000fdc <runtime_init_usb_power_down+0x18>)
10000fd0:	02d2      	lsls	r2, r2, #11
10000fd2:	601a      	str	r2, [r3, #0]
10000fd4:	4770      	bx	lr
10000fd6:	46c0      	nop			@ (mov r8, r8)
10000fd8:	50110000 	.word	0x50110000
10000fdc:	5011204c 	.word	0x5011204c

10000fe0 <runtime_init_post_clock_resets>:
10000fe0:	4a04      	ldr	r2, [pc, #16]	@ (10000ff4 <runtime_init_post_clock_resets+0x14>)
10000fe2:	4b05      	ldr	r3, [pc, #20]	@ (10000ff8 <runtime_init_post_clock_resets+0x18>)
10000fe4:	601a      	str	r2, [r3, #0]
10000fe6:	4a05      	ldr	r2, [pc, #20]	@ (10000ffc <runtime_init_post_clock_resets+0x1c>)
10000fe8:	6813      	ldr	r3, [r2, #0]
10000fea:	01db      	lsls	r3, r3, #7
10000fec:	3380      	adds	r3, #128	@ 0x80
10000fee:	d1fb      	bne.n	10000fe8 <runtime_init_post_clock_resets+0x8>
10000ff0:	4770      	bx	lr
10000ff2:	46c0      	nop			@ (mov r8, r8)
10000ff4:	01ffffff 	.word	0x01ffffff
10000ff8:	4000f000 	.word	0x4000f000
10000ffc:	4000c008 	.word	0x4000c008

10001000 <runtime_init_rp2040_gpio_ie_disable>:
10001000:	2240      	movs	r2, #64	@ 0x40
10001002:	4b03      	ldr	r3, [pc, #12]	@ (10001010 <runtime_init_rp2040_gpio_ie_disable+0x10>)
10001004:	679a      	str	r2, [r3, #120]	@ 0x78
10001006:	675a      	str	r2, [r3, #116]	@ 0x74
10001008:	671a      	str	r2, [r3, #112]	@ 0x70
1000100a:	66da      	str	r2, [r3, #108]	@ 0x6c
1000100c:	4770      	bx	lr
1000100e:	46c0      	nop			@ (mov r8, r8)
10001010:	4001f000 	.word	0x4001f000

10001014 <runtime_init_spin_locks_reset>:
10001014:	b510      	push	{r4, lr}
10001016:	f7ff f9c3 	bl	100003a0 <spin_locks_reset>
1000101a:	bd10      	pop	{r4, pc}

1000101c <runtime_init_install_ram_vector_table>:
1000101c:	b570      	push	{r4, r5, r6, lr}
1000101e:	4d04      	ldr	r5, [pc, #16]	@ (10001030 <runtime_init_install_ram_vector_table+0x14>)
10001020:	4c04      	ldr	r4, [pc, #16]	@ (10001034 <runtime_init_install_ram_vector_table+0x18>)
10001022:	68a9      	ldr	r1, [r5, #8]
10001024:	22c0      	movs	r2, #192	@ 0xc0
10001026:	0020      	movs	r0, r4
10001028:	f000 f958 	bl	100012dc <__wrap___aeabi_memcpy>
1000102c:	60ac      	str	r4, [r5, #8]
1000102e:	bd70      	pop	{r4, r5, r6, pc}
10001030:	e000ed00 	.word	0xe000ed00
10001034:	20000000 	.word	0x20000000

10001038 <runtime_init_clocks>:
10001038:	2300      	movs	r3, #0
1000103a:	b510      	push	{r4, lr}
1000103c:	4c29      	ldr	r4, [pc, #164]	@ (100010e4 <runtime_init_clocks+0xac>)
1000103e:	b082      	sub	sp, #8
10001040:	67a3      	str	r3, [r4, #120]	@ 0x78
10001042:	f7ff ff79 	bl	10000f38 <xosc_init>
10001046:	2201      	movs	r2, #1
10001048:	4b27      	ldr	r3, [pc, #156]	@ (100010e8 <runtime_init_clocks+0xb0>)
1000104a:	601a      	str	r2, [r3, #0]
1000104c:	6c63      	ldr	r3, [r4, #68]	@ 0x44
1000104e:	2b01      	cmp	r3, #1
10001050:	d1fc      	bne.n	1000104c <runtime_init_clocks+0x14>
10001052:	2203      	movs	r2, #3
10001054:	4b25      	ldr	r3, [pc, #148]	@ (100010ec <runtime_init_clocks+0xb4>)
10001056:	601a      	str	r2, [r3, #0]
10001058:	4a22      	ldr	r2, [pc, #136]	@ (100010e4 <runtime_init_clocks+0xac>)
1000105a:	6b93      	ldr	r3, [r2, #56]	@ 0x38
1000105c:	2b01      	cmp	r3, #1
1000105e:	d1fc      	bne.n	1000105a <runtime_init_clocks+0x22>
10001060:	3301      	adds	r3, #1
10001062:	9300      	str	r3, [sp, #0]
10001064:	2101      	movs	r1, #1
10001066:	4a22      	ldr	r2, [pc, #136]	@ (100010f0 <runtime_init_clocks+0xb8>)
10001068:	4822      	ldr	r0, [pc, #136]	@ (100010f4 <runtime_init_clocks+0xbc>)
1000106a:	3304      	adds	r3, #4
1000106c:	f7ff fed8 	bl	10000e20 <pll_init>
10001070:	2305      	movs	r3, #5
10001072:	2101      	movs	r1, #1
10001074:	9300      	str	r3, [sp, #0]
10001076:	4a20      	ldr	r2, [pc, #128]	@ (100010f8 <runtime_init_clocks+0xc0>)
10001078:	4820      	ldr	r0, [pc, #128]	@ (100010fc <runtime_init_clocks+0xc4>)
1000107a:	f7ff fed1 	bl	10000e20 <pll_init>
1000107e:	2200      	movs	r2, #0
10001080:	2102      	movs	r1, #2
10001082:	2004      	movs	r0, #4
10001084:	4b1e      	ldr	r3, [pc, #120]	@ (10001100 <runtime_init_clocks+0xc8>)
10001086:	f7ff fe51 	bl	10000d2c <clock_configure_undivided>
1000108a:	2200      	movs	r2, #0
1000108c:	2101      	movs	r1, #1
1000108e:	2005      	movs	r0, #5
10001090:	4b1c      	ldr	r3, [pc, #112]	@ (10001104 <runtime_init_clocks+0xcc>)
10001092:	f7ff fe4b 	bl	10000d2c <clock_configure_undivided>
10001096:	2200      	movs	r2, #0
10001098:	2100      	movs	r1, #0
1000109a:	2007      	movs	r0, #7
1000109c:	4b1a      	ldr	r3, [pc, #104]	@ (10001108 <runtime_init_clocks+0xd0>)
1000109e:	f7ff fe45 	bl	10000d2c <clock_configure_undivided>
100010a2:	2200      	movs	r2, #0
100010a4:	2100      	movs	r1, #0
100010a6:	2008      	movs	r0, #8
100010a8:	4b17      	ldr	r3, [pc, #92]	@ (10001108 <runtime_init_clocks+0xd0>)
100010aa:	f7ff fe3f 	bl	10000d2c <clock_configure_undivided>
100010ae:	2380      	movs	r3, #128	@ 0x80
100010b0:	00db      	lsls	r3, r3, #3
100010b2:	9300      	str	r3, [sp, #0]
100010b4:	2200      	movs	r2, #0
100010b6:	2100      	movs	r1, #0
100010b8:	2009      	movs	r0, #9
100010ba:	4b13      	ldr	r3, [pc, #76]	@ (10001108 <runtime_init_clocks+0xd0>)
100010bc:	f7ff fdbc 	bl	10000c38 <clock_configure_int_divider>
100010c0:	2200      	movs	r2, #0
100010c2:	4b10      	ldr	r3, [pc, #64]	@ (10001104 <runtime_init_clocks+0xcc>)
100010c4:	2100      	movs	r1, #0
100010c6:	2006      	movs	r0, #6
100010c8:	f7ff fe30 	bl	10000d2c <clock_configure_undivided>
100010cc:	2004      	movs	r0, #4
100010ce:	f7ff fea1 	bl	10000e14 <clock_get_hz>
100010d2:	490e      	ldr	r1, [pc, #56]	@ (1000110c <runtime_init_clocks+0xd4>)
100010d4:	f000 f824 	bl	10001120 <__wrap___aeabi_uidiv>
100010d8:	0001      	movs	r1, r0
100010da:	2000      	movs	r0, #0
100010dc:	f7ff fef2 	bl	10000ec4 <tick_start>
100010e0:	b002      	add	sp, #8
100010e2:	bd10      	pop	{r4, pc}
100010e4:	40008000 	.word	0x40008000
100010e8:	4000b03c 	.word	0x4000b03c
100010ec:	4000b030 	.word	0x4000b030
100010f0:	59682f00 	.word	0x59682f00
100010f4:	40028000 	.word	0x40028000
100010f8:	47868c00 	.word	0x47868c00
100010fc:	4002c000 	.word	0x4002c000
10001100:	00b71b00 	.word	0x00b71b00
10001104:	07735940 	.word	0x07735940
10001108:	02dc6c00 	.word	0x02dc6c00
1000110c:	000f4240 	.word	0x000f4240

10001110 <__aeabi_bits_init>:
10001110:	4801      	ldr	r0, [pc, #4]	@ (10001118 <__aeabi_bits_init+0x8>)
10001112:	2104      	movs	r1, #4
10001114:	4b01      	ldr	r3, [pc, #4]	@ (1000111c <__aeabi_bits_init+0xc>)
10001116:	4718      	bx	r3
10001118:	200001c0 	.word	0x200001c0
1000111c:	10000ef5 	.word	0x10000ef5

10001120 <__wrap___aeabi_uidiv>:
10001120:	4a11      	ldr	r2, [pc, #68]	@ (10001168 <divmod_u32u32_savestate+0x18>)
10001122:	6f93      	ldr	r3, [r2, #120]	@ 0x78
10001124:	089b      	lsrs	r3, r3, #2
10001126:	d213      	bcs.n	10001150 <divmod_u32u32_savestate>

10001128 <divmod_u32u32_unsafe>:
10001128:	6610      	str	r0, [r2, #96]	@ 0x60
1000112a:	6651      	str	r1, [r2, #100]	@ 0x64
1000112c:	2900      	cmp	r1, #0
1000112e:	d005      	beq.n	1000113c <divmod_u32u32_unsafe+0x14>
10001130:	e7ff      	b.n	10001132 <divmod_u32u32_unsafe+0xa>
10001132:	e7ff      	b.n	10001134 <divmod_u32u32_unsafe+0xc>
10001134:	e7ff      	b.n	10001136 <divmod_u32u32_unsafe+0xe>
10001136:	6f51      	ldr	r1, [r2, #116]	@ 0x74
10001138:	6f10      	ldr	r0, [r2, #112]	@ 0x70
1000113a:	4770      	bx	lr
1000113c:	b504      	push	{r2, lr}
1000113e:	2800      	cmp	r0, #0
10001140:	d001      	beq.n	10001146 <divmod_u32u32_unsafe+0x1e>
10001142:	2000      	movs	r0, #0
10001144:	43c0      	mvns	r0, r0
10001146:	f000 fb0b 	bl	10001760 <____aeabi_idiv0_veneer>
1000114a:	2100      	movs	r1, #0
1000114c:	bd04      	pop	{r2, pc}
1000114e:	46c0      	nop			@ (mov r8, r8)

10001150 <divmod_u32u32_savestate>:
10001150:	b5f0      	push	{r4, r5, r6, r7, lr}
10001152:	6e14      	ldr	r4, [r2, #96]	@ 0x60
10001154:	6e55      	ldr	r5, [r2, #100]	@ 0x64
10001156:	6f57      	ldr	r7, [r2, #116]	@ 0x74
10001158:	6f16      	ldr	r6, [r2, #112]	@ 0x70
1000115a:	f7ff ffe5 	bl	10001128 <divmod_u32u32_unsafe>
1000115e:	6614      	str	r4, [r2, #96]	@ 0x60
10001160:	6655      	str	r5, [r2, #100]	@ 0x64
10001162:	6757      	str	r7, [r2, #116]	@ 0x74
10001164:	6716      	str	r6, [r2, #112]	@ 0x70
10001166:	bdf0      	pop	{r4, r5, r6, r7, pc}
10001168:	d0000000 	.word	0xd0000000

1000116c <__aeabi_double_init>:
1000116c:	2313      	movs	r3, #19
1000116e:	b570      	push	{r4, r5, r6, lr}
10001170:	781d      	ldrb	r5, [r3, #0]
10001172:	2d01      	cmp	r5, #1
10001174:	d019      	beq.n	100011aa <__aeabi_double_init+0x3e>
10001176:	dd14      	ble.n	100011a2 <__aeabi_double_init+0x36>
10001178:	481f      	ldr	r0, [pc, #124]	@ (100011f8 <__aeabi_double_init+0x8c>)
1000117a:	f7ff feb3 	bl	10000ee4 <rom_data_lookup>
1000117e:	0006      	movs	r6, r0
10001180:	481e      	ldr	r0, [pc, #120]	@ (100011fc <__aeabi_double_init+0x90>)
10001182:	f7ff feaf 	bl	10000ee4 <rom_data_lookup>
10001186:	4c1e      	ldr	r4, [pc, #120]	@ (10001200 <__aeabi_double_init+0x94>)
10001188:	2280      	movs	r2, #128	@ 0x80
1000118a:	0031      	movs	r1, r6
1000118c:	0020      	movs	r0, r4
1000118e:	f000 f8a5 	bl	100012dc <__wrap___aeabi_memcpy>
10001192:	2d02      	cmp	r5, #2
10001194:	d02d      	beq.n	100011f2 <__aeabi_double_init+0x86>
10001196:	481b      	ldr	r0, [pc, #108]	@ (10001204 <__aeabi_double_init+0x98>)
10001198:	f7ff fe9c 	bl	10000ed4 <rom_func_lookup>
1000119c:	4b1a      	ldr	r3, [pc, #104]	@ (10001208 <__aeabi_double_init+0x9c>)
1000119e:	6018      	str	r0, [r3, #0]
100011a0:	bd70      	pop	{r4, r5, r6, pc}
100011a2:	4b1a      	ldr	r3, [pc, #104]	@ (1000120c <__aeabi_double_init+0xa0>)
100011a4:	4c16      	ldr	r4, [pc, #88]	@ (10001200 <__aeabi_double_init+0x94>)
100011a6:	64a3      	str	r3, [r4, #72]	@ 0x48
100011a8:	e7f5      	b.n	10001196 <__aeabi_double_init+0x2a>
100011aa:	4b18      	ldr	r3, [pc, #96]	@ (1000120c <__aeabi_double_init+0xa0>)
100011ac:	4c14      	ldr	r4, [pc, #80]	@ (10001200 <__aeabi_double_init+0x94>)
100011ae:	6023      	str	r3, [r4, #0]
100011b0:	6063      	str	r3, [r4, #4]
100011b2:	60a3      	str	r3, [r4, #8]
100011b4:	60e3      	str	r3, [r4, #12]
100011b6:	6123      	str	r3, [r4, #16]
100011b8:	6163      	str	r3, [r4, #20]
100011ba:	61a3      	str	r3, [r4, #24]
100011bc:	61e3      	str	r3, [r4, #28]
100011be:	6223      	str	r3, [r4, #32]
100011c0:	6263      	str	r3, [r4, #36]	@ 0x24
100011c2:	62a3      	str	r3, [r4, #40]	@ 0x28
100011c4:	62e3      	str	r3, [r4, #44]	@ 0x2c
100011c6:	6323      	str	r3, [r4, #48]	@ 0x30
100011c8:	6363      	str	r3, [r4, #52]	@ 0x34
100011ca:	63a3      	str	r3, [r4, #56]	@ 0x38
100011cc:	63e3      	str	r3, [r4, #60]	@ 0x3c
100011ce:	6423      	str	r3, [r4, #64]	@ 0x40
100011d0:	6463      	str	r3, [r4, #68]	@ 0x44
100011d2:	64a3      	str	r3, [r4, #72]	@ 0x48
100011d4:	64e3      	str	r3, [r4, #76]	@ 0x4c
100011d6:	6523      	str	r3, [r4, #80]	@ 0x50
100011d8:	6563      	str	r3, [r4, #84]	@ 0x54
100011da:	65a3      	str	r3, [r4, #88]	@ 0x58
100011dc:	65e3      	str	r3, [r4, #92]	@ 0x5c
100011de:	6623      	str	r3, [r4, #96]	@ 0x60
100011e0:	6663      	str	r3, [r4, #100]	@ 0x64
100011e2:	66a3      	str	r3, [r4, #104]	@ 0x68
100011e4:	66e3      	str	r3, [r4, #108]	@ 0x6c
100011e6:	6723      	str	r3, [r4, #112]	@ 0x70
100011e8:	6763      	str	r3, [r4, #116]	@ 0x74
100011ea:	67a3      	str	r3, [r4, #120]	@ 0x78
100011ec:	67e3      	str	r3, [r4, #124]	@ 0x7c
100011ee:	64a3      	str	r3, [r4, #72]	@ 0x48
100011f0:	e7d1      	b.n	10001196 <__aeabi_double_init+0x2a>
100011f2:	4b06      	ldr	r3, [pc, #24]	@ (1000120c <__aeabi_double_init+0xa0>)
100011f4:	64a3      	str	r3, [r4, #72]	@ 0x48
100011f6:	e7ce      	b.n	10001196 <__aeabi_double_init+0x2a>
100011f8:	00004453 	.word	0x00004453
100011fc:	00004653 	.word	0x00004653
10001200:	20000370 	.word	0x20000370
10001204:	0000334c 	.word	0x0000334c
10001208:	20000768 	.word	0x20000768
1000120c:	10001211 	.word	0x10001211

10001210 <double_table_shim_on_use_helper>:
10001210:	b507      	push	{r0, r1, r2, lr}
10001212:	4660      	mov	r0, ip
10001214:	8801      	ldrh	r1, [r0, #0]
10001216:	0a0a      	lsrs	r2, r1, #8
10001218:	3002      	adds	r0, #2
1000121a:	2adf      	cmp	r2, #223	@ 0xdf
1000121c:	d1fa      	bne.n	10001214 <double_table_shim_on_use_helper+0x4>
1000121e:	b2c9      	uxtb	r1, r1
10001220:	0882      	lsrs	r2, r0, #2
10001222:	d304      	bcc.n	1000122e <double_table_shim_on_use_helper+0x1e>
10001224:	8802      	ldrh	r2, [r0, #0]
10001226:	8840      	ldrh	r0, [r0, #2]
10001228:	0400      	lsls	r0, r0, #16
1000122a:	4310      	orrs	r0, r2
1000122c:	e000      	b.n	10001230 <double_table_shim_on_use_helper+0x20>
1000122e:	6800      	ldr	r0, [r0, #0]
10001230:	4a01      	ldr	r2, [pc, #4]	@ (10001238 <double_table_shim_on_use_helper+0x28>)
10001232:	5050      	str	r0, [r2, r1]
10001234:	9003      	str	r0, [sp, #12]
10001236:	bd07      	pop	{r0, r1, r2, pc}
10001238:	20000370 	.word	0x20000370

1000123c <__aeabi_float_init>:
1000123c:	2313      	movs	r3, #19
1000123e:	b510      	push	{r4, lr}
10001240:	4812      	ldr	r0, [pc, #72]	@ (1000128c <__aeabi_float_init+0x50>)
10001242:	781c      	ldrb	r4, [r3, #0]
10001244:	f7ff fe4e 	bl	10000ee4 <rom_data_lookup>
10001248:	0001      	movs	r1, r0
1000124a:	2c01      	cmp	r4, #1
1000124c:	d00a      	beq.n	10001264 <__aeabi_float_init+0x28>
1000124e:	dd03      	ble.n	10001258 <__aeabi_float_init+0x1c>
10001250:	2280      	movs	r2, #128	@ 0x80
10001252:	480f      	ldr	r0, [pc, #60]	@ (10001290 <__aeabi_float_init+0x54>)
10001254:	f000 f842 	bl	100012dc <__wrap___aeabi_memcpy>
10001258:	480e      	ldr	r0, [pc, #56]	@ (10001294 <__aeabi_float_init+0x58>)
1000125a:	f7ff fe3b 	bl	10000ed4 <rom_func_lookup>
1000125e:	4b0e      	ldr	r3, [pc, #56]	@ (10001298 <__aeabi_float_init+0x5c>)
10001260:	6018      	str	r0, [r3, #0]
10001262:	bd10      	pop	{r4, pc}
10001264:	4c0a      	ldr	r4, [pc, #40]	@ (10001290 <__aeabi_float_init+0x54>)
10001266:	2254      	movs	r2, #84	@ 0x54
10001268:	0020      	movs	r0, r4
1000126a:	f000 f837 	bl	100012dc <__wrap___aeabi_memcpy>
1000126e:	4b0b      	ldr	r3, [pc, #44]	@ (1000129c <__aeabi_float_init+0x60>)
10001270:	6563      	str	r3, [r4, #84]	@ 0x54
10001272:	65a3      	str	r3, [r4, #88]	@ 0x58
10001274:	65e3      	str	r3, [r4, #92]	@ 0x5c
10001276:	6623      	str	r3, [r4, #96]	@ 0x60
10001278:	6663      	str	r3, [r4, #100]	@ 0x64
1000127a:	66a3      	str	r3, [r4, #104]	@ 0x68
1000127c:	66e3      	str	r3, [r4, #108]	@ 0x6c
1000127e:	6723      	str	r3, [r4, #112]	@ 0x70
10001280:	6763      	str	r3, [r4, #116]	@ 0x74
10001282:	67a3      	str	r3, [r4, #120]	@ 0x78
10001284:	67e3      	str	r3, [r4, #124]	@ 0x7c
10001286:	6223      	str	r3, [r4, #32]
10001288:	61e3      	str	r3, [r4, #28]
1000128a:	e7e5      	b.n	10001258 <__aeabi_float_init+0x1c>
1000128c:	00004653 	.word	0x00004653
10001290:	20000470 	.word	0x20000470
10001294:	0000334c 	.word	0x0000334c
10001298:	20000768 	.word	0x20000768
1000129c:	100012a1 	.word	0x100012a1

100012a0 <float_table_shim_on_use_helper>:
100012a0:	b507      	push	{r0, r1, r2, lr}
100012a2:	4660      	mov	r0, ip
100012a4:	8801      	ldrh	r1, [r0, #0]
100012a6:	0a0a      	lsrs	r2, r1, #8
100012a8:	3002      	adds	r0, #2
100012aa:	2adf      	cmp	r2, #223	@ 0xdf
100012ac:	d1fa      	bne.n	100012a4 <float_table_shim_on_use_helper+0x4>
100012ae:	b2c9      	uxtb	r1, r1
100012b0:	0882      	lsrs	r2, r0, #2
100012b2:	d304      	bcc.n	100012be <float_table_shim_on_use_helper+0x1e>
100012b4:	8802      	ldrh	r2, [r0, #0]
100012b6:	8840      	ldrh	r0, [r0, #2]
100012b8:	0400      	lsls	r0, r0, #16
100012ba:	4310      	orrs	r0, r2
100012bc:	e000      	b.n	100012c0 <float_table_shim_on_use_helper+0x20>
100012be:	6800      	ldr	r0, [r0, #0]
100012c0:	4a01      	ldr	r2, [pc, #4]	@ (100012c8 <float_table_shim_on_use_helper+0x28>)
100012c2:	5050      	str	r0, [r2, r1]
100012c4:	9003      	str	r0, [sp, #12]
100012c6:	bd07      	pop	{r0, r1, r2, pc}
100012c8:	20000470 	.word	0x20000470

100012cc <__aeabi_mem_init>:
100012cc:	4801      	ldr	r0, [pc, #4]	@ (100012d4 <__aeabi_mem_init+0x8>)
100012ce:	2104      	movs	r1, #4
100012d0:	4b01      	ldr	r3, [pc, #4]	@ (100012d8 <__aeabi_mem_init+0xc>)
100012d2:	4718      	bx	r3
100012d4:	200001d0 	.word	0x200001d0
100012d8:	10000ef5 	.word	0x10000ef5

100012dc <__wrap___aeabi_memcpy>:
100012dc:	4b01      	ldr	r3, [pc, #4]	@ (100012e4 <__wrap___aeabi_memcpy+0x8>)
100012de:	685b      	ldr	r3, [r3, #4]
100012e0:	4718      	bx	r3
100012e2:	0000      	.short	0x0000
100012e4:	200001d0 	.word	0x200001d0

100012e8 <_out_char>:
100012e8:	b510      	push	{r4, lr}
100012ea:	2800      	cmp	r0, #0
100012ec:	d100      	bne.n	100012f0 <_out_char+0x8>
100012ee:	bd10      	pop	{r4, pc}
100012f0:	f000 f914 	bl	1000151c <__wrap_putchar>
100012f4:	e7fb      	b.n	100012ee <_out_char+0x6>
100012f6:	46c0      	nop			@ (mov r8, r8)

100012f8 <weak_raw_vprintf>:
100012f8:	b510      	push	{r4, lr}
100012fa:	4a09      	ldr	r2, [pc, #36]	@ (10001320 <weak_raw_vprintf+0x28>)
100012fc:	0003      	movs	r3, r0
100012fe:	6814      	ldr	r4, [r2, #0]
10001300:	b084      	sub	sp, #16
10001302:	2c00      	cmp	r4, #0
10001304:	d008      	beq.n	10001318 <weak_raw_vprintf+0x20>
10001306:	2201      	movs	r2, #1
10001308:	9100      	str	r1, [sp, #0]
1000130a:	4806      	ldr	r0, [pc, #24]	@ (10001324 <weak_raw_vprintf+0x2c>)
1000130c:	4252      	negs	r2, r2
1000130e:	a903      	add	r1, sp, #12
10001310:	47a0      	blx	r4
10001312:	2001      	movs	r0, #1
10001314:	b004      	add	sp, #16
10001316:	bd10      	pop	{r4, pc}
10001318:	f000 f94a 	bl	100015b0 <__wrap_puts>
1000131c:	2000      	movs	r0, #0
1000131e:	e7f9      	b.n	10001314 <weak_raw_vprintf+0x1c>
10001320:	2000073c 	.word	0x2000073c
10001324:	100012e9 	.word	0x100012e9

10001328 <_exit>:
10001328:	be00      	bkpt	0x0000
1000132a:	e7fd      	b.n	10001328 <_exit>

1000132c <exit>:
1000132c:	b510      	push	{r4, lr}
1000132e:	f7ff fffb 	bl	10001328 <_exit>
10001332:	46c0      	nop			@ (mov r8, r8)

10001334 <runtime_init>:
10001334:	b570      	push	{r4, r5, r6, lr}
10001336:	f7ff fe1b 	bl	10000f70 <runtime_run_initializers>
1000133a:	4d07      	ldr	r5, [pc, #28]	@ (10001358 <runtime_init+0x24>)
1000133c:	4e07      	ldr	r6, [pc, #28]	@ (1000135c <runtime_init+0x28>)
1000133e:	42b5      	cmp	r5, r6
10001340:	d209      	bcs.n	10001356 <runtime_init+0x22>
10001342:	2400      	movs	r4, #0
10001344:	3e01      	subs	r6, #1
10001346:	1b76      	subs	r6, r6, r5
10001348:	08b6      	lsrs	r6, r6, #2
1000134a:	cd08      	ldmia	r5!, {r3}
1000134c:	4798      	blx	r3
1000134e:	0023      	movs	r3, r4
10001350:	3401      	adds	r4, #1
10001352:	42b3      	cmp	r3, r6
10001354:	d1f9      	bne.n	1000134a <runtime_init+0x16>
10001356:	bd70      	pop	{r4, r5, r6, pc}
10001358:	100017bc 	.word	0x100017bc
1000135c:	100017c4 	.word	0x100017c4

10001360 <stdio_out_chars_no_crlf>:
10001360:	0003      	movs	r3, r0
10001362:	b510      	push	{r4, lr}
10001364:	0008      	movs	r0, r1
10001366:	0011      	movs	r1, r2
10001368:	681b      	ldr	r3, [r3, #0]
1000136a:	4798      	blx	r3
1000136c:	bd10      	pop	{r4, pc}
1000136e:	46c0      	nop			@ (mov r8, r8)

10001370 <stdio_out_chars_crlf>:
10001370:	b5f0      	push	{r4, r5, r6, r7, lr}
10001372:	46c6      	mov	lr, r8
10001374:	b500      	push	{lr}
10001376:	7d43      	ldrb	r3, [r0, #21]
10001378:	0007      	movs	r7, r0
1000137a:	000c      	movs	r4, r1
1000137c:	0016      	movs	r6, r2
1000137e:	2b00      	cmp	r3, #0
10001380:	d046      	beq.n	10001410 <stdio_out_chars_crlf+0xa0>
10001382:	2a00      	cmp	r2, #0
10001384:	dd17      	ble.n	100013b6 <stdio_out_chars_crlf+0x46>
10001386:	780b      	ldrb	r3, [r1, #0]
10001388:	2b0a      	cmp	r3, #10
1000138a:	d024      	beq.n	100013d6 <stdio_out_chars_crlf+0x66>
1000138c:	2300      	movs	r3, #0
1000138e:	4698      	mov	r8, r3
10001390:	2e01      	cmp	r6, #1
10001392:	d013      	beq.n	100013bc <stdio_out_chars_crlf+0x4c>
10001394:	2501      	movs	r5, #1
10001396:	0029      	movs	r1, r5
10001398:	5c63      	ldrb	r3, [r4, r1]
1000139a:	3501      	adds	r5, #1
1000139c:	2b0a      	cmp	r3, #10
1000139e:	d026      	beq.n	100013ee <stdio_out_chars_crlf+0x7e>
100013a0:	42b5      	cmp	r5, r6
100013a2:	d1f8      	bne.n	10001396 <stdio_out_chars_crlf+0x26>
100013a4:	4546      	cmp	r6, r8
100013a6:	dc09      	bgt.n	100013bc <stdio_out_chars_crlf+0x4c>
100013a8:	19a4      	adds	r4, r4, r6
100013aa:	3c01      	subs	r4, #1
100013ac:	7823      	ldrb	r3, [r4, #0]
100013ae:	3b0d      	subs	r3, #13
100013b0:	425a      	negs	r2, r3
100013b2:	4153      	adcs	r3, r2
100013b4:	753b      	strb	r3, [r7, #20]
100013b6:	bc80      	pop	{r7}
100013b8:	46b8      	mov	r8, r7
100013ba:	bdf0      	pop	{r4, r5, r6, r7, pc}
100013bc:	4643      	mov	r3, r8
100013be:	18e0      	adds	r0, r4, r3
100013c0:	19a4      	adds	r4, r4, r6
100013c2:	1af1      	subs	r1, r6, r3
100013c4:	3c01      	subs	r4, #1
100013c6:	683b      	ldr	r3, [r7, #0]
100013c8:	4798      	blx	r3
100013ca:	7823      	ldrb	r3, [r4, #0]
100013cc:	3b0d      	subs	r3, #13
100013ce:	425a      	negs	r2, r3
100013d0:	4153      	adcs	r3, r2
100013d2:	753b      	strb	r3, [r7, #20]
100013d4:	e7ef      	b.n	100013b6 <stdio_out_chars_crlf+0x46>
100013d6:	7d03      	ldrb	r3, [r0, #20]
100013d8:	2b00      	cmp	r3, #0
100013da:	d1d7      	bne.n	1000138c <stdio_out_chars_crlf+0x1c>
100013dc:	2102      	movs	r1, #2
100013de:	480f      	ldr	r0, [pc, #60]	@ (1000141c <stdio_out_chars_crlf+0xac>)
100013e0:	683b      	ldr	r3, [r7, #0]
100013e2:	4798      	blx	r3
100013e4:	2e01      	cmp	r6, #1
100013e6:	d0df      	beq.n	100013a8 <stdio_out_chars_crlf+0x38>
100013e8:	2301      	movs	r3, #1
100013ea:	4698      	mov	r8, r3
100013ec:	e7d2      	b.n	10001394 <stdio_out_chars_crlf+0x24>
100013ee:	1e63      	subs	r3, r4, #1
100013f0:	5c5b      	ldrb	r3, [r3, r1]
100013f2:	2b0d      	cmp	r3, #13
100013f4:	d0d4      	beq.n	100013a0 <stdio_out_chars_crlf+0x30>
100013f6:	4588      	cmp	r8, r1
100013f8:	da04      	bge.n	10001404 <stdio_out_chars_crlf+0x94>
100013fa:	4643      	mov	r3, r8
100013fc:	1ac9      	subs	r1, r1, r3
100013fe:	18e0      	adds	r0, r4, r3
10001400:	683b      	ldr	r3, [r7, #0]
10001402:	4798      	blx	r3
10001404:	2102      	movs	r1, #2
10001406:	4805      	ldr	r0, [pc, #20]	@ (1000141c <stdio_out_chars_crlf+0xac>)
10001408:	683b      	ldr	r3, [r7, #0]
1000140a:	46a8      	mov	r8, r5
1000140c:	4798      	blx	r3
1000140e:	e7c7      	b.n	100013a0 <stdio_out_chars_crlf+0x30>
10001410:	6803      	ldr	r3, [r0, #0]
10001412:	0011      	movs	r1, r2
10001414:	0020      	movs	r0, r4
10001416:	4798      	blx	r3
10001418:	e7cd      	b.n	100013b6 <stdio_out_chars_crlf+0x46>
1000141a:	46c0      	nop			@ (mov r8, r8)
1000141c:	1000189c 	.word	0x1000189c

10001420 <stdio_put_string>:
10001420:	b5f0      	push	{r4, r5, r6, r7, lr}
10001422:	4645      	mov	r5, r8
10001424:	46de      	mov	lr, fp
10001426:	464e      	mov	r6, r9
10001428:	4657      	mov	r7, sl
1000142a:	b5e0      	push	{r5, r6, r7, lr}
1000142c:	b083      	sub	sp, #12
1000142e:	4691      	mov	r9, r2
10001430:	001c      	movs	r4, r3
10001432:	4680      	mov	r8, r0
10001434:	000d      	movs	r5, r1
10001436:	f7ff fbe5 	bl	10000c04 <time_us_64>
1000143a:	2300      	movs	r3, #0
1000143c:	4a30      	ldr	r2, [pc, #192]	@ (10001500 <stdio_put_string+0xe0>)
1000143e:	1812      	adds	r2, r2, r0
10001440:	414b      	adcs	r3, r1
10001442:	2b00      	cmp	r3, #0
10001444:	da02      	bge.n	1000144c <stdio_put_string+0x2c>
10001446:	2201      	movs	r2, #1
10001448:	4b2e      	ldr	r3, [pc, #184]	@ (10001504 <stdio_put_string+0xe4>)
1000144a:	4252      	negs	r2, r2
1000144c:	492e      	ldr	r1, [pc, #184]	@ (10001508 <stdio_put_string+0xe8>)
1000144e:	0008      	movs	r0, r1
10001450:	468a      	mov	sl, r1
10001452:	f000 f98d 	bl	10001770 <__mutex_try_enter_block_until_veneer>
10001456:	0007      	movs	r7, r0
10001458:	1c6b      	adds	r3, r5, #1
1000145a:	d103      	bne.n	10001464 <stdio_put_string+0x44>
1000145c:	4640      	mov	r0, r8
1000145e:	f000 f8e5 	bl	1000162c <strlen>
10001462:	0005      	movs	r5, r0
10001464:	2c00      	cmp	r4, #0
10001466:	d027      	beq.n	100014b8 <stdio_put_string+0x98>
10001468:	4e28      	ldr	r6, [pc, #160]	@ (1000150c <stdio_put_string+0xec>)
1000146a:	4b29      	ldr	r3, [pc, #164]	@ (10001510 <stdio_put_string+0xf0>)
1000146c:	681c      	ldr	r4, [r3, #0]
1000146e:	2c00      	cmp	r4, #0
10001470:	d018      	beq.n	100014a4 <stdio_put_string+0x84>
10001472:	464b      	mov	r3, r9
10001474:	2b00      	cmp	r3, #0
10001476:	d121      	bne.n	100014bc <stdio_put_string+0x9c>
10001478:	4b26      	ldr	r3, [pc, #152]	@ (10001514 <stdio_put_string+0xf4>)
1000147a:	4699      	mov	r9, r3
1000147c:	e002      	b.n	10001484 <stdio_put_string+0x64>
1000147e:	6924      	ldr	r4, [r4, #16]
10001480:	2c00      	cmp	r4, #0
10001482:	d00f      	beq.n	100014a4 <stdio_put_string+0x84>
10001484:	6823      	ldr	r3, [r4, #0]
10001486:	2b00      	cmp	r3, #0
10001488:	d0f9      	beq.n	1000147e <stdio_put_string+0x5e>
1000148a:	464b      	mov	r3, r9
1000148c:	681b      	ldr	r3, [r3, #0]
1000148e:	2b00      	cmp	r3, #0
10001490:	d001      	beq.n	10001496 <stdio_put_string+0x76>
10001492:	429c      	cmp	r4, r3
10001494:	d1f3      	bne.n	1000147e <stdio_put_string+0x5e>
10001496:	0020      	movs	r0, r4
10001498:	002a      	movs	r2, r5
1000149a:	4641      	mov	r1, r8
1000149c:	47b0      	blx	r6
1000149e:	6924      	ldr	r4, [r4, #16]
100014a0:	2c00      	cmp	r4, #0
100014a2:	d1ef      	bne.n	10001484 <stdio_put_string+0x64>
100014a4:	2f00      	cmp	r7, #0
100014a6:	d126      	bne.n	100014f6 <stdio_put_string+0xd6>
100014a8:	0028      	movs	r0, r5
100014aa:	b003      	add	sp, #12
100014ac:	bcf0      	pop	{r4, r5, r6, r7}
100014ae:	46bb      	mov	fp, r7
100014b0:	46b2      	mov	sl, r6
100014b2:	46a9      	mov	r9, r5
100014b4:	46a0      	mov	r8, r4
100014b6:	bdf0      	pop	{r4, r5, r6, r7, pc}
100014b8:	4e17      	ldr	r6, [pc, #92]	@ (10001518 <stdio_put_string+0xf8>)
100014ba:	e7d6      	b.n	1000146a <stdio_put_string+0x4a>
100014bc:	4b15      	ldr	r3, [pc, #84]	@ (10001514 <stdio_put_string+0xf4>)
100014be:	4699      	mov	r9, r3
100014c0:	230a      	movs	r3, #10
100014c2:	469b      	mov	fp, r3
100014c4:	e002      	b.n	100014cc <stdio_put_string+0xac>
100014c6:	6924      	ldr	r4, [r4, #16]
100014c8:	2c00      	cmp	r4, #0
100014ca:	d0eb      	beq.n	100014a4 <stdio_put_string+0x84>
100014cc:	6823      	ldr	r3, [r4, #0]
100014ce:	2b00      	cmp	r3, #0
100014d0:	d0f9      	beq.n	100014c6 <stdio_put_string+0xa6>
100014d2:	464b      	mov	r3, r9
100014d4:	681b      	ldr	r3, [r3, #0]
100014d6:	2b00      	cmp	r3, #0
100014d8:	d001      	beq.n	100014de <stdio_put_string+0xbe>
100014da:	42a3      	cmp	r3, r4
100014dc:	d1f3      	bne.n	100014c6 <stdio_put_string+0xa6>
100014de:	002a      	movs	r2, r5
100014e0:	4641      	mov	r1, r8
100014e2:	0020      	movs	r0, r4
100014e4:	47b0      	blx	r6
100014e6:	466b      	mov	r3, sp
100014e8:	465a      	mov	r2, fp
100014ea:	0020      	movs	r0, r4
100014ec:	71da      	strb	r2, [r3, #7]
100014ee:	1dd9      	adds	r1, r3, #7
100014f0:	2201      	movs	r2, #1
100014f2:	47b0      	blx	r6
100014f4:	e7e7      	b.n	100014c6 <stdio_put_string+0xa6>
100014f6:	4650      	mov	r0, sl
100014f8:	f000 f92a 	bl	10001750 <__mutex_exit_veneer>
100014fc:	e7d4      	b.n	100014a8 <stdio_put_string+0x88>
100014fe:	46c0      	nop			@ (mov r8, r8)
10001500:	000f4240 	.word	0x000f4240
10001504:	7fffffff 	.word	0x7fffffff
10001508:	200001e4 	.word	0x200001e4
1000150c:	10001371 	.word	0x10001371
10001510:	20000734 	.word	0x20000734
10001514:	20000738 	.word	0x20000738
10001518:	10001361 	.word	0x10001361

1000151c <__wrap_putchar>:
1000151c:	b5f0      	push	{r4, r5, r6, r7, lr}
1000151e:	46ce      	mov	lr, r9
10001520:	4647      	mov	r7, r8
10001522:	b580      	push	{r7, lr}
10001524:	b083      	sub	sp, #12
10001526:	466b      	mov	r3, sp
10001528:	0006      	movs	r6, r0
1000152a:	1ddd      	adds	r5, r3, #7
1000152c:	7028      	strb	r0, [r5, #0]
1000152e:	f7ff fb69 	bl	10000c04 <time_us_64>
10001532:	2300      	movs	r3, #0
10001534:	4a19      	ldr	r2, [pc, #100]	@ (1000159c <__wrap_putchar+0x80>)
10001536:	1812      	adds	r2, r2, r0
10001538:	414b      	adcs	r3, r1
1000153a:	2b00      	cmp	r3, #0
1000153c:	da02      	bge.n	10001544 <__wrap_putchar+0x28>
1000153e:	2201      	movs	r2, #1
10001540:	4b17      	ldr	r3, [pc, #92]	@ (100015a0 <__wrap_putchar+0x84>)
10001542:	4252      	negs	r2, r2
10001544:	4917      	ldr	r1, [pc, #92]	@ (100015a4 <__wrap_putchar+0x88>)
10001546:	0008      	movs	r0, r1
10001548:	4688      	mov	r8, r1
1000154a:	f000 f911 	bl	10001770 <__mutex_try_enter_block_until_veneer>
1000154e:	4b16      	ldr	r3, [pc, #88]	@ (100015a8 <__wrap_putchar+0x8c>)
10001550:	4681      	mov	r9, r0
10001552:	681c      	ldr	r4, [r3, #0]
10001554:	2c00      	cmp	r4, #0
10001556:	d014      	beq.n	10001582 <__wrap_putchar+0x66>
10001558:	4f14      	ldr	r7, [pc, #80]	@ (100015ac <__wrap_putchar+0x90>)
1000155a:	e002      	b.n	10001562 <__wrap_putchar+0x46>
1000155c:	6924      	ldr	r4, [r4, #16]
1000155e:	2c00      	cmp	r4, #0
10001560:	d00f      	beq.n	10001582 <__wrap_putchar+0x66>
10001562:	6823      	ldr	r3, [r4, #0]
10001564:	2b00      	cmp	r3, #0
10001566:	d0f9      	beq.n	1000155c <__wrap_putchar+0x40>
10001568:	683b      	ldr	r3, [r7, #0]
1000156a:	2b00      	cmp	r3, #0
1000156c:	d001      	beq.n	10001572 <__wrap_putchar+0x56>
1000156e:	429c      	cmp	r4, r3
10001570:	d1f4      	bne.n	1000155c <__wrap_putchar+0x40>
10001572:	0020      	movs	r0, r4
10001574:	2201      	movs	r2, #1
10001576:	0029      	movs	r1, r5
10001578:	f7ff fefa 	bl	10001370 <stdio_out_chars_crlf>
1000157c:	6924      	ldr	r4, [r4, #16]
1000157e:	2c00      	cmp	r4, #0
10001580:	d1ef      	bne.n	10001562 <__wrap_putchar+0x46>
10001582:	464b      	mov	r3, r9
10001584:	2b00      	cmp	r3, #0
10001586:	d105      	bne.n	10001594 <__wrap_putchar+0x78>
10001588:	0030      	movs	r0, r6
1000158a:	b003      	add	sp, #12
1000158c:	bcc0      	pop	{r6, r7}
1000158e:	46b9      	mov	r9, r7
10001590:	46b0      	mov	r8, r6
10001592:	bdf0      	pop	{r4, r5, r6, r7, pc}
10001594:	4640      	mov	r0, r8
10001596:	f000 f8db 	bl	10001750 <__mutex_exit_veneer>
1000159a:	e7f5      	b.n	10001588 <__wrap_putchar+0x6c>
1000159c:	000f4240 	.word	0x000f4240
100015a0:	7fffffff 	.word	0x7fffffff
100015a4:	200001e4 	.word	0x200001e4
100015a8:	20000734 	.word	0x20000734
100015ac:	20000738 	.word	0x20000738

100015b0 <__wrap_puts>:
100015b0:	b570      	push	{r4, r5, r6, lr}
100015b2:	0004      	movs	r4, r0
100015b4:	f000 f83a 	bl	1000162c <strlen>
100015b8:	2301      	movs	r3, #1
100015ba:	0001      	movs	r1, r0
100015bc:	0005      	movs	r5, r0
100015be:	2201      	movs	r2, #1
100015c0:	0020      	movs	r0, r4
100015c2:	f7ff ff2d 	bl	10001420 <stdio_put_string>
100015c6:	4b08      	ldr	r3, [pc, #32]	@ (100015e8 <__wrap_puts+0x38>)
100015c8:	681c      	ldr	r4, [r3, #0]
100015ca:	2c00      	cmp	r4, #0
100015cc:	d006      	beq.n	100015dc <__wrap_puts+0x2c>
100015ce:	6863      	ldr	r3, [r4, #4]
100015d0:	2b00      	cmp	r3, #0
100015d2:	d005      	beq.n	100015e0 <__wrap_puts+0x30>
100015d4:	4798      	blx	r3
100015d6:	6924      	ldr	r4, [r4, #16]
100015d8:	2c00      	cmp	r4, #0
100015da:	d1f8      	bne.n	100015ce <__wrap_puts+0x1e>
100015dc:	0028      	movs	r0, r5
100015de:	bd70      	pop	{r4, r5, r6, pc}
100015e0:	6924      	ldr	r4, [r4, #16]
100015e2:	2c00      	cmp	r4, #0
100015e4:	d1f3      	bne.n	100015ce <__wrap_puts+0x1e>
100015e6:	e7f9      	b.n	100015dc <__wrap_puts+0x2c>
100015e8:	20000734 	.word	0x20000734

100015ec <atexit>:
100015ec:	b510      	push	{r4, lr}
100015ee:	0001      	movs	r1, r0
100015f0:	2300      	movs	r3, #0
100015f2:	2200      	movs	r2, #0
100015f4:	2000      	movs	r0, #0
100015f6:	f000 f847 	bl	10001688 <__register_exitproc>
100015fa:	bd10      	pop	{r4, pc}

100015fc <__libc_fini_array>:
100015fc:	b570      	push	{r4, r5, r6, lr}
100015fe:	4c07      	ldr	r4, [pc, #28]	@ (1000161c <__libc_fini_array+0x20>)
10001600:	4d07      	ldr	r5, [pc, #28]	@ (10001620 <__libc_fini_array+0x24>)
10001602:	1b64      	subs	r4, r4, r5
10001604:	10a4      	asrs	r4, r4, #2
10001606:	d005      	beq.n	10001614 <__libc_fini_array+0x18>
10001608:	3c01      	subs	r4, #1
1000160a:	00a3      	lsls	r3, r4, #2
1000160c:	58eb      	ldr	r3, [r5, r3]
1000160e:	4798      	blx	r3
10001610:	2c00      	cmp	r4, #0
10001612:	d1f9      	bne.n	10001608 <__libc_fini_array+0xc>
10001614:	f000 f898 	bl	10001748 <_fini>
10001618:	bd70      	pop	{r4, r5, r6, pc}
1000161a:	46c0      	nop			@ (mov r8, r8)
1000161c:	100017c4 	.word	0x100017c4
10001620:	100017c4 	.word	0x100017c4

10001624 <__retarget_lock_acquire_recursive>:
10001624:	4770      	bx	lr
10001626:	46c0      	nop			@ (mov r8, r8)

10001628 <__retarget_lock_release_recursive>:
10001628:	4770      	bx	lr
1000162a:	46c0      	nop			@ (mov r8, r8)

1000162c <strlen>:
1000162c:	b510      	push	{r4, lr}
1000162e:	0783      	lsls	r3, r0, #30
10001630:	d00a      	beq.n	10001648 <strlen+0x1c>
10001632:	0003      	movs	r3, r0
10001634:	2103      	movs	r1, #3
10001636:	e002      	b.n	1000163e <strlen+0x12>
10001638:	3301      	adds	r3, #1
1000163a:	420b      	tst	r3, r1
1000163c:	d005      	beq.n	1000164a <strlen+0x1e>
1000163e:	781a      	ldrb	r2, [r3, #0]
10001640:	2a00      	cmp	r2, #0
10001642:	d1f9      	bne.n	10001638 <strlen+0xc>
10001644:	1a18      	subs	r0, r3, r0
10001646:	bd10      	pop	{r4, pc}
10001648:	0003      	movs	r3, r0
1000164a:	6819      	ldr	r1, [r3, #0]
1000164c:	4a0c      	ldr	r2, [pc, #48]	@ (10001680 <strlen+0x54>)
1000164e:	4c0d      	ldr	r4, [pc, #52]	@ (10001684 <strlen+0x58>)
10001650:	188a      	adds	r2, r1, r2
10001652:	438a      	bics	r2, r1
10001654:	4222      	tst	r2, r4
10001656:	d10f      	bne.n	10001678 <strlen+0x4c>
10001658:	6859      	ldr	r1, [r3, #4]
1000165a:	4a09      	ldr	r2, [pc, #36]	@ (10001680 <strlen+0x54>)
1000165c:	3304      	adds	r3, #4
1000165e:	188a      	adds	r2, r1, r2
10001660:	438a      	bics	r2, r1
10001662:	4222      	tst	r2, r4
10001664:	d108      	bne.n	10001678 <strlen+0x4c>
10001666:	6859      	ldr	r1, [r3, #4]
10001668:	4a05      	ldr	r2, [pc, #20]	@ (10001680 <strlen+0x54>)
1000166a:	3304      	adds	r3, #4
1000166c:	188a      	adds	r2, r1, r2
1000166e:	438a      	bics	r2, r1
10001670:	4222      	tst	r2, r4
10001672:	d0f1      	beq.n	10001658 <strlen+0x2c>
10001674:	e000      	b.n	10001678 <strlen+0x4c>
10001676:	3301      	adds	r3, #1
10001678:	781a      	ldrb	r2, [r3, #0]
1000167a:	2a00      	cmp	r2, #0
1000167c:	d1fb      	bne.n	10001676 <strlen+0x4a>
1000167e:	e7e1      	b.n	10001644 <strlen+0x18>
10001680:	fefefeff 	.word	0xfefefeff
10001684:	80808080 	.word	0x80808080

10001688 <__register_exitproc>:
10001688:	b5f0      	push	{r4, r5, r6, r7, lr}
1000168a:	46d6      	mov	lr, sl
1000168c:	464f      	mov	r7, r9
1000168e:	4646      	mov	r6, r8
10001690:	4698      	mov	r8, r3
10001692:	4b24      	ldr	r3, [pc, #144]	@ (10001724 <__register_exitproc+0x9c>)
10001694:	b5c0      	push	{r6, r7, lr}
10001696:	0006      	movs	r6, r0
10001698:	6818      	ldr	r0, [r3, #0]
1000169a:	469a      	mov	sl, r3
1000169c:	000f      	movs	r7, r1
1000169e:	4691      	mov	r9, r2
100016a0:	f7ff ffc0 	bl	10001624 <__retarget_lock_acquire_recursive>
100016a4:	4b20      	ldr	r3, [pc, #128]	@ (10001728 <__register_exitproc+0xa0>)
100016a6:	681d      	ldr	r5, [r3, #0]
100016a8:	2d00      	cmp	r5, #0
100016aa:	d032      	beq.n	10001712 <__register_exitproc+0x8a>
100016ac:	4653      	mov	r3, sl
100016ae:	686c      	ldr	r4, [r5, #4]
100016b0:	6818      	ldr	r0, [r3, #0]
100016b2:	2c1f      	cmp	r4, #31
100016b4:	dc30      	bgt.n	10001718 <__register_exitproc+0x90>
100016b6:	2e00      	cmp	r6, #0
100016b8:	d10c      	bne.n	100016d4 <__register_exitproc+0x4c>
100016ba:	1c63      	adds	r3, r4, #1
100016bc:	3402      	adds	r4, #2
100016be:	00a4      	lsls	r4, r4, #2
100016c0:	606b      	str	r3, [r5, #4]
100016c2:	5167      	str	r7, [r4, r5]
100016c4:	f7ff ffb0 	bl	10001628 <__retarget_lock_release_recursive>
100016c8:	2000      	movs	r0, #0
100016ca:	bce0      	pop	{r5, r6, r7}
100016cc:	46ba      	mov	sl, r7
100016ce:	46b1      	mov	r9, r6
100016d0:	46a8      	mov	r8, r5
100016d2:	bdf0      	pop	{r4, r5, r6, r7, pc}
100016d4:	4649      	mov	r1, r9
100016d6:	2288      	movs	r2, #136	@ 0x88
100016d8:	00a3      	lsls	r3, r4, #2
100016da:	18eb      	adds	r3, r5, r3
100016dc:	5099      	str	r1, [r3, r2]
100016de:	21c4      	movs	r1, #196	@ 0xc4
100016e0:	0049      	lsls	r1, r1, #1
100016e2:	468c      	mov	ip, r1
100016e4:	44ac      	add	ip, r5
100016e6:	4661      	mov	r1, ip
100016e8:	3a87      	subs	r2, #135	@ 0x87
100016ea:	40a2      	lsls	r2, r4
100016ec:	6809      	ldr	r1, [r1, #0]
100016ee:	4691      	mov	r9, r2
100016f0:	4311      	orrs	r1, r2
100016f2:	4662      	mov	r2, ip
100016f4:	6011      	str	r1, [r2, #0]
100016f6:	2184      	movs	r1, #132	@ 0x84
100016f8:	4642      	mov	r2, r8
100016fa:	0049      	lsls	r1, r1, #1
100016fc:	505a      	str	r2, [r3, r1]
100016fe:	2e02      	cmp	r6, #2
10001700:	d1db      	bne.n	100016ba <__register_exitproc+0x32>
10001702:	0029      	movs	r1, r5
10001704:	464a      	mov	r2, r9
10001706:	318d      	adds	r1, #141	@ 0x8d
10001708:	31ff      	adds	r1, #255	@ 0xff
1000170a:	680b      	ldr	r3, [r1, #0]
1000170c:	4313      	orrs	r3, r2
1000170e:	600b      	str	r3, [r1, #0]
10001710:	e7d3      	b.n	100016ba <__register_exitproc+0x32>
10001712:	4d06      	ldr	r5, [pc, #24]	@ (1000172c <__register_exitproc+0xa4>)
10001714:	601d      	str	r5, [r3, #0]
10001716:	e7c9      	b.n	100016ac <__register_exitproc+0x24>
10001718:	f7ff ff86 	bl	10001628 <__retarget_lock_release_recursive>
1000171c:	2001      	movs	r0, #1
1000171e:	4240      	negs	r0, r0
10001720:	e7d3      	b.n	100016ca <__register_exitproc+0x42>
10001722:	46c0      	nop			@ (mov r8, r8)
10001724:	200001e0 	.word	0x200001e0
10001728:	20000570 	.word	0x20000570
1000172c:	20000574 	.word	0x20000574

10001730 <register_fini>:
10001730:	4b03      	ldr	r3, [pc, #12]	@ (10001740 <register_fini+0x10>)
10001732:	b510      	push	{r4, lr}
10001734:	2b00      	cmp	r3, #0
10001736:	d002      	beq.n	1000173e <register_fini+0xe>
10001738:	4802      	ldr	r0, [pc, #8]	@ (10001744 <register_fini+0x14>)
1000173a:	f7ff ff57 	bl	100015ec <atexit>
1000173e:	bd10      	pop	{r4, pc}
10001740:	00000000 	.word	0x00000000
10001744:	100015fd 	.word	0x100015fd

10001748 <_fini>:
10001748:	b5f8      	push	{r3, r4, r5, r6, r7, lr}
1000174a:	46c0      	nop			@ (mov r8, r8)
1000174c:	0000      	movs	r0, r0
	...

10001750 <__mutex_exit_veneer>:
10001750:	b401      	push	{r0}
10001752:	4802      	ldr	r0, [pc, #8]	@ (1000175c <__mutex_exit_veneer+0xc>)
10001754:	4684      	mov	ip, r0
10001756:	bc01      	pop	{r0}
10001758:	4760      	bx	ip
1000175a:	bf00      	nop
1000175c:	20000159 	.word	0x20000159

10001760 <____aeabi_idiv0_veneer>:
10001760:	b401      	push	{r0}
10001762:	4802      	ldr	r0, [pc, #8]	@ (1000176c <____aeabi_idiv0_veneer+0xc>)
10001764:	4684      	mov	ip, r0
10001766:	bc01      	pop	{r0}
10001768:	4760      	bx	ip
1000176a:	bf00      	nop
1000176c:	20000181 	.word	0x20000181

10001770 <__mutex_try_enter_block_until_veneer>:
10001770:	b401      	push	{r0}
10001772:	4802      	ldr	r0, [pc, #8]	@ (1000177c <__mutex_try_enter_block_until_veneer+0xc>)
10001774:	4684      	mov	ip, r0
10001776:	bc01      	pop	{r0}
10001778:	4760      	bx	ip
1000177a:	bf00      	nop
1000177c:	200000c1 	.word	0x200000c1

10001780 <__pre_init_runtime_init_early_resets>:
10001780:	10000f99                                ....

10001784 <__pre_init_runtime_init_usb_power_down>:
10001784:	10000fc5 10001111 100012cd 1000116d     ............m...
10001794:	1000123d                                =...

10001798 <__pre_init_runtime_init_clocks>:
10001798:	10001039                                9...

1000179c <__pre_init_runtime_init_post_clock_resets>:
1000179c:	10000fe1                                ....

100017a0 <__pre_init_runtime_init_rp2040_gpio_ie_disable>:
100017a0:	10001001                                ....

100017a4 <__pre_init_runtime_init_spin_locks_reset>:
100017a4:	10001015                                ....

100017a8 <__pre_init_runtime_init_mutex>:
100017a8:	10000469                                i...

100017ac <__pre_init_runtime_init_install_ram_vector_table>:
100017ac:	1000101d                                ....

100017b0 <__pre_init_runtime_init_default_alarm_pool>:
100017b0:	100007e9                                ....

100017b4 <__pre_init_first_per_core_initializer>:
100017b4:	10000f61                                a...

100017b8 <__pre_init_runtime_init_per_core_irq_priorities>:
100017b8:	100003bd                                ....

100017bc <__init_array_start>:
100017bc:	10001731 	.word	0x10001731

100017c0 <__frame_dummy_init_array_entry>:
100017c0:	10000289                                ....

Disassembly of section .data:

200000c0 <mutex_try_enter_block_until>:
200000c0:	b5f0      	push	{r4, r5, r6, r7, lr}
200000c2:	46c6      	mov	lr, r8
200000c4:	0015      	movs	r5, r2
200000c6:	b500      	push	{lr}
200000c8:	0004      	movs	r4, r0
200000ca:	001e      	movs	r6, r3
200000cc:	6802      	ldr	r2, [r0, #0]
200000ce:	f3ef 8110 	mrs	r1, PRIMASK
200000d2:	b672      	cpsid	i
200000d4:	6813      	ldr	r3, [r2, #0]
200000d6:	2b00      	cmp	r3, #0
200000d8:	d0fc      	beq.n	200000d4 <mutex_try_enter_block_until+0x14>
200000da:	f3bf 8f5f 	dmb	sy
200000de:	2304      	movs	r3, #4
200000e0:	56e3      	ldrsb	r3, [r4, r3]
200000e2:	6822      	ldr	r2, [r4, #0]
200000e4:	2b00      	cmp	r3, #0
200000e6:	db2b      	blt.n	20000140 <mutex_try_enter_block_until+0x80>
200000e8:	f3bf 8f5f 	dmb	sy
200000ec:	2000      	movs	r0, #0
200000ee:	6010      	str	r0, [r2, #0]
200000f0:	f381 8810 	msr	PRIMASK, r1
200000f4:	22d0      	movs	r2, #208	@ 0xd0
200000f6:	0612      	lsls	r2, r2, #24
200000f8:	7812      	ldrb	r2, [r2, #0]
200000fa:	2700      	movs	r7, #0
200000fc:	b252      	sxtb	r2, r2
200000fe:	4690      	mov	r8, r2
20000100:	429a      	cmp	r2, r3
20000102:	d10e      	bne.n	20000122 <mutex_try_enter_block_until+0x62>
20000104:	2000      	movs	r0, #0
20000106:	bc80      	pop	{r7}
20000108:	46b8      	mov	r8, r7
2000010a:	bdf0      	pop	{r4, r5, r6, r7, pc}
2000010c:	f3bf 8f5f 	dmb	sy
20000110:	6017      	str	r7, [r2, #0]
20000112:	f381 8810 	msr	PRIMASK, r1
20000116:	0028      	movs	r0, r5
20000118:	0031      	movs	r1, r6
2000011a:	f000 f835 	bl	20000188 <__best_effort_wfe_or_timeout_veneer>
2000011e:	2800      	cmp	r0, #0
20000120:	d1f0      	bne.n	20000104 <mutex_try_enter_block_until+0x44>
20000122:	6822      	ldr	r2, [r4, #0]
20000124:	f3ef 8110 	mrs	r1, PRIMASK
20000128:	b672      	cpsid	i
2000012a:	6813      	ldr	r3, [r2, #0]
2000012c:	2b00      	cmp	r3, #0
2000012e:	d0fc      	beq.n	2000012a <mutex_try_enter_block_until+0x6a>
20000130:	f3bf 8f5f 	dmb	sy
20000134:	7923      	ldrb	r3, [r4, #4]
20000136:	6822      	ldr	r2, [r4, #0]
20000138:	2b7f      	cmp	r3, #127	@ 0x7f
2000013a:	d9e7      	bls.n	2000010c <mutex_try_enter_block_until+0x4c>
2000013c:	4643      	mov	r3, r8
2000013e:	e002      	b.n	20000146 <mutex_try_enter_block_until+0x86>
20000140:	23d0      	movs	r3, #208	@ 0xd0
20000142:	061b      	lsls	r3, r3, #24
20000144:	681b      	ldr	r3, [r3, #0]
20000146:	7123      	strb	r3, [r4, #4]
20000148:	f3bf 8f5f 	dmb	sy
2000014c:	2300      	movs	r3, #0
2000014e:	6013      	str	r3, [r2, #0]
20000150:	f381 8810 	msr	PRIMASK, r1
20000154:	2001      	movs	r0, #1
20000156:	e7d6      	b.n	20000106 <mutex_try_enter_block_until+0x46>

20000158 <mutex_exit>:
20000158:	6802      	ldr	r2, [r0, #0]
2000015a:	f3ef 8110 	mrs	r1, PRIMASK
2000015e:	b672      	cpsid	i
20000160:	6813      	ldr	r3, [r2, #0]
20000162:	2b00      	cmp	r3, #0
20000164:	d0fc      	beq.n	20000160 <mutex_exit+0x8>
20000166:	f3bf 8f5f 	dmb	sy
2000016a:	23ff      	movs	r3, #255	@ 0xff
2000016c:	7103      	strb	r3, [r0, #4]
2000016e:	6803      	ldr	r3, [r0, #0]
20000170:	f3bf 8f5f 	dmb	sy
20000174:	2200      	movs	r2, #0
20000176:	601a      	str	r2, [r3, #0]
20000178:	f381 8810 	msr	PRIMASK, r1
2000017c:	bf40      	sev
2000017e:	4770      	bx	lr

20000180 <__aeabi_idiv0>:
20000180:	4770      	bx	lr
20000182:	46c0      	nop			@ (mov r8, r8)
20000184:	0000      	movs	r0, r0
	...

20000188 <__best_effort_wfe_or_timeout_veneer>:
20000188:	b401      	push	{r0}
2000018a:	4802      	ldr	r0, [pc, #8]	@ (20000194 <__best_effort_wfe_or_timeout_veneer+0xc>)
2000018c:	4684      	mov	ip, r0
2000018e:	bc01      	pop	{r0}
20000190:	4760      	bx	ip
20000192:	bf00      	nop
20000194:	10000ad5 	.word	0x10000ad5

20000198 <striped_spin_lock_num>:
20000198:	00000010                                ....

2000019c <default_alarm_pool>:
	...
200001b0:	200001f0 00000000 00000000 00000000     ... ............

200001c0 <aeabi_bits_funcs>:
200001c0:	00003350 	.word	0x00003350
200001c4:	0000334c 	.word	0x0000334c
200001c8:	00003354 	.word	0x00003354
200001cc:	00003352 	.word	0x00003352

200001d0 <aeabi_bits_funcs_end>:
200001d0:	0000534d 	.word	0x0000534d
200001d4:	0000434d 	.word	0x0000434d
200001d8:	00003453 	.word	0x00003453
200001dc:	00003443 	.word	0x00003443

200001e0 <__atexit_recursive_mutex>:
200001e0:	20000704                                ... 

200001e4 <print_mutex>:
	...
