
/home/felixo/my-programs/Neo6502-NES/firmware/build/main.elf:     file format elf32-littlearm

Sections:
Idx Name          Size      VMA       LMA       File off  Algn
  0 .boot2        00000100  10000000  10000000  00001000  2**0
                  CONTENTS, ALLOC, LOAD, READONLY, CODE
  1 .text         00001bc4  10000100  10000100  00001100  2**3
                  CONTENTS, ALLOC, LOAD, READONLY, CODE
  2 .rodata       00000120  10001cc4  10001cc4  00002cc4  2**2
                  CONTENTS, ALLOC, LOAD, READONLY, DATA
  3 .binary_info  00000028  10001de4  10001de4  00002de4  2**2
                  CONTENTS, ALLOC, LOAD, READONLY, DATA
  4 .ram_vector_table 000000c0  20000000  20000000  00004000  2**2
                  ALLOC
  5 .uninitialized_data 00000000  200000c0  200000c0  00003244  2**0
                  CONTENTS
  6 .data         00000184  200000c0  10001e0c  000030c0  2**4
                  CONTENTS, ALLOC, LOAD, READONLY, CODE
  7 .tdata        00000000  20000244  20000244  00003244  2**0
                  CONTENTS, ALLOC, LOAD, DATA, THREAD_LOCAL
  8 .tbss         00000000  20000244  20000244  00000000  2**0
                  ALLOC, THREAD_LOCAL
  9 .bss          00000594  20000248  10001f90  00003248  2**3
                  ALLOC
 10 .heap         00000800  200007dc  200007dc  00003244  2**2
                  CONTENTS, READONLY
 11 .scratch_x    00000000  20040000  20040000  00003a44  2**0
                  CONTENTS
 12 .scratch_y    00000000  20041000  20041000  00003a44  2**0
                  CONTENTS
 13 .stack_dummy  00000800  20041000  20041000  00003a60  2**5
                  CONTENTS, READONLY
 14 .ARM.attributes 00000028  00000000  00000000  00004260  2**0
                  CONTENTS, READONLY
 15 .comment      0000001e  00000000  00000000  00004288  2**0
                  CONTENTS, READONLY
 16 .debug_info   0001d71f  00000000  00000000  000042a6  2**0
                  CONTENTS, READONLY, DEBUGGING, OCTETS
 17 .debug_abbrev 0000572c  00000000  00000000  000219c5  2**0
                  CONTENTS, READONLY, DEBUGGING, OCTETS
 18 .debug_aranges 00001050  00000000  00000000  000270f8  2**3
                  CONTENTS, READONLY, DEBUGGING, OCTETS
 19 .debug_rnglists 00002f1b  00000000  00000000  00028148  2**0
                  CONTENTS, READONLY, DEBUGGING, OCTETS
 20 .debug_line   000165b3  00000000  00000000  0002b063  2**0
                  CONTENTS, READONLY, DEBUGGING, OCTETS
 21 .debug_str    00004d7b  00000000  00000000  00041616  2**0
                  CONTENTS, READONLY, DEBUGGING, OCTETS
 22 .debug_frame  00001d68  00000000  00000000  00046394  2**2
                  CONTENTS, READONLY, DEBUGGING, OCTETS
 23 .debug_loclists 0001121b  00000000  00000000  000480fc  2**0
                  CONTENTS, READONLY, DEBUGGING, OCTETS
 24 .debug_line_str 0000027c  00000000  00000000  00059317  2**0
                  CONTENTS, READONLY, DEBUGGING, OCTETS

/home/felixo/my-programs/Neo6502-NES/firmware/build/main.elf:     file format elf32-littlearm


Disassembly of section .boot2:

10000000 <__boot2_start__>:
10000000:	4b32b500 	.word	0x4b32b500
10000004:	60582021 	.word	0x60582021
10000008:	21026898 	.word	0x21026898
1000000c:	60984388 	.word	0x60984388
10000010:	611860d8 	.word	0x611860d8
10000014:	4b2e6158 	.word	0x4b2e6158
10000018:	60992100 	.word	0x60992100
1000001c:	61592102 	.word	0x61592102
10000020:	22f02101 	.word	0x22f02101
10000024:	492b5099 	.word	0x492b5099
10000028:	21016019 	.word	0x21016019
1000002c:	20356099 	.word	0x20356099
10000030:	f844f000 	.word	0xf844f000
10000034:	42902202 	.word	0x42902202
10000038:	2106d014 	.word	0x2106d014
1000003c:	f0006619 	.word	0xf0006619
10000040:	6e19f834 	.word	0x6e19f834
10000044:	66192101 	.word	0x66192101
10000048:	66182000 	.word	0x66182000
1000004c:	f000661a 	.word	0xf000661a
10000050:	6e19f82c 	.word	0x6e19f82c
10000054:	6e196e19 	.word	0x6e196e19
10000058:	f0002005 	.word	0xf0002005
1000005c:	2101f82f 	.word	0x2101f82f
10000060:	d1f94208 	.word	0xd1f94208
10000064:	60992100 	.word	0x60992100
10000068:	6019491b 	.word	0x6019491b
1000006c:	60592100 	.word	0x60592100
10000070:	481b491a 	.word	0x481b491a
10000074:	21016001 	.word	0x21016001
10000078:	21eb6099 	.word	0x21eb6099
1000007c:	21a06619 	.word	0x21a06619
10000080:	f0006619 	.word	0xf0006619
10000084:	2100f812 	.word	0x2100f812
10000088:	49166099 	.word	0x49166099
1000008c:	60014814 	.word	0x60014814
10000090:	60992101 	.word	0x60992101
10000094:	2800bc01 	.word	0x2800bc01
10000098:	4700d000 	.word	0x4700d000
1000009c:	49134812 	.word	0x49134812
100000a0:	c8036008 	.word	0xc8036008
100000a4:	8808f380 	.word	0x8808f380
100000a8:	b5034708 	.word	0xb5034708
100000ac:	20046a99 	.word	0x20046a99
100000b0:	d0fb4201 	.word	0xd0fb4201
100000b4:	42012001 	.word	0x42012001
100000b8:	bd03d1f8 	.word	0xbd03d1f8
100000bc:	6618b502 	.word	0x6618b502
100000c0:	f7ff6618 	.word	0xf7ff6618
100000c4:	6e18fff2 	.word	0x6e18fff2
100000c8:	bd026e18 	.word	0xbd026e18
100000cc:	40020000 	.word	0x40020000
100000d0:	18000000 	.word	0x18000000
100000d4:	00070000 	.word	0x00070000
100000d8:	005f0300 	.word	0x005f0300
100000dc:	00002221 	.word	0x00002221
100000e0:	180000f4 	.word	0x180000f4
100000e4:	a0002022 	.word	0xa0002022
100000e8:	10000100 	.word	0x10000100
100000ec:	e000ed08 	.word	0xe000ed08
	...
100000fc:	7a4eb274 	.word	0x7a4eb274

Disassembly of section .text:

10000100 <__VECTOR_TABLE>:
10000100:	20042000 	.word	0x20042000
10000104:	100001f7 	.word	0x100001f7
10000108:	100001c3 	.word	0x100001c3
1000010c:	100001c5 	.word	0x100001c5
10000110:	100001c1 	.word	0x100001c1
10000114:	100001c1 	.word	0x100001c1
10000118:	100001c1 	.word	0x100001c1
1000011c:	100001c1 	.word	0x100001c1
10000120:	100001c1 	.word	0x100001c1
10000124:	100001c1 	.word	0x100001c1
10000128:	100001c1 	.word	0x100001c1
1000012c:	100001c7 	.word	0x100001c7
10000130:	100001c1 	.word	0x100001c1
10000134:	100001c1 	.word	0x100001c1
10000138:	100001c9 	.word	0x100001c9
1000013c:	100001cb 	.word	0x100001cb
10000140:	100001cd 	.word	0x100001cd
10000144:	100001cd 	.word	0x100001cd
10000148:	100001cd 	.word	0x100001cd
1000014c:	100001cd 	.word	0x100001cd
10000150:	100001cd 	.word	0x100001cd
10000154:	100001cd 	.word	0x100001cd
10000158:	100001cd 	.word	0x100001cd
1000015c:	100001cd 	.word	0x100001cd
10000160:	100001cd 	.word	0x100001cd
10000164:	100001cd 	.word	0x100001cd
10000168:	100001cd 	.word	0x100001cd
1000016c:	100001cd 	.word	0x100001cd
10000170:	100001cd 	.word	0x100001cd
10000174:	100001cd 	.word	0x100001cd
10000178:	100001cd 	.word	0x100001cd
1000017c:	100001cd 	.word	0x100001cd
10000180:	100001cd 	.word	0x100001cd
10000184:	100001cd 	.word	0x100001cd
10000188:	100001cd 	.word	0x100001cd
1000018c:	100001cd 	.word	0x100001cd
10000190:	100001cd 	.word	0x100001cd
10000194:	100001cd 	.word	0x100001cd
10000198:	100001cd 	.word	0x100001cd
1000019c:	100001cd 	.word	0x100001cd
100001a0:	100001cd 	.word	0x100001cd
100001a4:	100001cd 	.word	0x100001cd
100001a8:	100001cd 	.word	0x100001cd
100001ac:	100001cd 	.word	0x100001cd
100001b0:	100001cd 	.word	0x100001cd
100001b4:	100001cd 	.word	0x100001cd
100001b8:	100001cd 	.word	0x100001cd
100001bc:	100001cd 	.word	0x100001cd

100001c0 <isr_invalid>:
100001c0:	be00      	bkpt	0x0000

100001c2 <isr_nmi>:
100001c2:	be00      	bkpt	0x0000

100001c4 <isr_hardfault>:
100001c4:	be00      	bkpt	0x0000

100001c6 <isr_svcall>:
100001c6:	be00      	bkpt	0x0000

100001c8 <isr_pendsv>:
100001c8:	be00      	bkpt	0x0000

100001ca <isr_systick>:
100001ca:	be00      	bkpt	0x0000

100001cc <__unhandled_user_irq>:
100001cc:	f3ef 8005 	mrs	r0, IPSR
100001d0:	3810      	subs	r0, #16

100001d2 <unhandled_user_irq_num_in_r0>:
100001d2:	be00      	bkpt	0x0000

100001d4 <binary_info_header>:
100001d4:	7188ebf2 	.word	0x7188ebf2
100001d8:	10001de4 	.word	0x10001de4
100001dc:	10001e0c 	.word	0x10001e0c
100001e0:	10000238 	.word	0x10000238
100001e4:	e71aa390 	.word	0xe71aa390

100001e8 <_entry_point>:
100001e8:	481e      	ldr	r0, [pc, #120]	@ (10000264 <data_cpy_table+0x2c>)

100001ea <_enter_vtable_in_r0>:
100001ea:	491f      	ldr	r1, [pc, #124]	@ (10000268 <data_cpy_table+0x30>)
100001ec:	6008      	str	r0, [r1, #0]
100001ee:	c806      	ldmia	r0!, {r1, r2}
100001f0:	f381 8808 	msr	MSP, r1
100001f4:	4710      	bx	r2

100001f6 <_reset_handler>:
100001f6:	481d      	ldr	r0, [pc, #116]	@ (1000026c <data_cpy_table+0x34>)
100001f8:	6800      	ldr	r0, [r0, #0]
100001fa:	2800      	cmp	r0, #0
100001fc:	d001      	beq.n	10000202 <hold_non_core0_in_bootrom+0x4>

100001fe <hold_non_core0_in_bootrom>:
100001fe:	4819      	ldr	r0, [pc, #100]	@ (10000264 <data_cpy_table+0x2c>)
10000200:	e7f3      	b.n	100001ea <_enter_vtable_in_r0>
10000202:	a40d      	add	r4, pc, #52	@ (adr r4, 10000238 <data_cpy_table>)
10000204:	cc0e      	ldmia	r4!, {r1, r2, r3}
10000206:	2900      	cmp	r1, #0
10000208:	d002      	beq.n	10000210 <hold_non_core0_in_bootrom+0x12>
1000020a:	f000 f812 	bl	10000232 <data_cpy>
1000020e:	e7f9      	b.n	10000204 <hold_non_core0_in_bootrom+0x6>
10000210:	4917      	ldr	r1, [pc, #92]	@ (10000270 <data_cpy_table+0x38>)
10000212:	4a18      	ldr	r2, [pc, #96]	@ (10000274 <data_cpy_table+0x3c>)
10000214:	2000      	movs	r0, #0
10000216:	e000      	b.n	1000021a <bss_fill_test>

10000218 <bss_fill_loop>:
10000218:	c101      	stmia	r1!, {r0}

1000021a <bss_fill_test>:
1000021a:	4291      	cmp	r1, r2
1000021c:	d1fc      	bne.n	10000218 <bss_fill_loop>

1000021e <platform_entry>:
1000021e:	4916      	ldr	r1, [pc, #88]	@ (10000278 <data_cpy_table+0x40>)
10000220:	4788      	blx	r1
10000222:	4916      	ldr	r1, [pc, #88]	@ (1000027c <data_cpy_table+0x44>)
10000224:	4788      	blx	r1
10000226:	4916      	ldr	r1, [pc, #88]	@ (10000280 <data_cpy_table+0x48>)
10000228:	4788      	blx	r1
1000022a:	be00      	bkpt	0x0000
1000022c:	e7fd      	b.n	1000022a <platform_entry+0xc>

1000022e <data_cpy_loop>:
1000022e:	c901      	ldmia	r1!, {r0}
10000230:	c201      	stmia	r2!, {r0}

10000232 <data_cpy>:
10000232:	429a      	cmp	r2, r3
10000234:	d3fb      	bcc.n	1000022e <data_cpy_loop>
10000236:	4770      	bx	lr

10000238 <data_cpy_table>:
10000238:	10001e0c 	.word	0x10001e0c
1000023c:	200000c0 	.word	0x200000c0
10000240:	20000244 	.word	0x20000244
10000244:	10001f90 	.word	0x10001f90
10000248:	20040000 	.word	0x20040000
1000024c:	20040000 	.word	0x20040000
10000250:	10001f90 	.word	0x10001f90
10000254:	20041000 	.word	0x20041000
10000258:	20041000 	.word	0x20041000
1000025c:	00000000 	.word	0x00000000
10000260:	4770      	bx	lr
10000262:	0000      	.short	0x0000
10000264:	00000000 	.word	0x00000000
10000268:	e000ed08 	.word	0xe000ed08
1000026c:	d0000000 	.word	0xd0000000
10000270:	20000244 	.word	0x20000244
10000274:	200007dc 	.word	0x200007dc
10000278:	1000160d 	.word	0x1000160d
1000027c:	100002a9 	.word	0x100002a9
10000280:	10001605 	.word	0x10001605

10000284 <_init>:
10000284:	b5f8      	push	{r3, r4, r5, r6, r7, lr}
10000286:	46c0      	nop			@ (mov r8, r8)

10000288 <frame_dummy>:
10000288:	4b04      	ldr	r3, [pc, #16]	@ (1000029c <frame_dummy+0x14>)
1000028a:	b510      	push	{r4, lr}
1000028c:	2b00      	cmp	r3, #0
1000028e:	d003      	beq.n	10000298 <frame_dummy+0x10>
10000290:	4903      	ldr	r1, [pc, #12]	@ (100002a0 <frame_dummy+0x18>)
10000292:	4804      	ldr	r0, [pc, #16]	@ (100002a4 <frame_dummy+0x1c>)
10000294:	e000      	b.n	10000298 <frame_dummy+0x10>
10000296:	bf00      	nop
10000298:	bd10      	pop	{r4, pc}
1000029a:	46c0      	nop			@ (mov r8, r8)
1000029c:	00000000 	.word	0x00000000
100002a0:	200007a0 	.word	0x200007a0
100002a4:	10001cc4 	.word	0x10001cc4

100002a8 <main>:
100002a8:	b510      	push	{r4, lr}
100002aa:	f001 fabb 	bl	10001824 <stdio_init_all>
100002ae:	2000      	movs	r0, #0
100002b0:	bd10      	pop	{r4, pc}
100002b2:	46c0      	nop			@ (mov r8, r8)

100002b4 <gpio_set_function>:
100002b4:	4a09      	ldr	r2, [pc, #36]	@ (100002dc <gpio_set_function+0x28>)
100002b6:	0083      	lsls	r3, r0, #2
100002b8:	189a      	adds	r2, r3, r2
100002ba:	b510      	push	{r4, lr}
100002bc:	6814      	ldr	r4, [r2, #0]
100002be:	2240      	movs	r2, #64	@ 0x40
100002c0:	4054      	eors	r4, r2
100002c2:	3280      	adds	r2, #128	@ 0x80
100002c4:	4022      	ands	r2, r4
100002c6:	4c06      	ldr	r4, [pc, #24]	@ (100002e0 <gpio_set_function+0x2c>)
100002c8:	00c0      	lsls	r0, r0, #3
100002ca:	46a4      	mov	ip, r4
100002cc:	4463      	add	r3, ip
100002ce:	601a      	str	r2, [r3, #0]
100002d0:	4b04      	ldr	r3, [pc, #16]	@ (100002e4 <gpio_set_function+0x30>)
100002d2:	469c      	mov	ip, r3
100002d4:	4460      	add	r0, ip
100002d6:	6041      	str	r1, [r0, #4]
100002d8:	bd10      	pop	{r4, pc}
100002da:	46c0      	nop			@ (mov r8, r8)
100002dc:	4001c004 	.word	0x4001c004
100002e0:	4001d004 	.word	0x4001d004
100002e4:	40014000 	.word	0x40014000

100002e8 <panic>:
100002e8:	b40f      	push	{r0, r1, r2, r3}
100002ea:	b500      	push	{lr}
100002ec:	4808      	ldr	r0, [pc, #32]	@ (10000310 <panic+0x28>)
100002ee:	b083      	sub	sp, #12
100002f0:	f001 fae8 	bl	100018c4 <__wrap_puts>
100002f4:	9b04      	ldr	r3, [sp, #16]
100002f6:	2b00      	cmp	r3, #0
100002f8:	d007      	beq.n	1000030a <panic+0x22>
100002fa:	a905      	add	r1, sp, #20
100002fc:	0018      	movs	r0, r3
100002fe:	9101      	str	r1, [sp, #4]
10000300:	f001 f966 	bl	100015d0 <weak_raw_vprintf>
10000304:	4803      	ldr	r0, [pc, #12]	@ (10000314 <panic+0x2c>)
10000306:	f001 fadd 	bl	100018c4 <__wrap_puts>
1000030a:	2001      	movs	r0, #1
1000030c:	f001 f978 	bl	10001600 <_exit>
10000310:	10001cc4 	.word	0x10001cc4
10000314:	10001cd4 	.word	0x10001cd4

10000318 <hw_claim_or_assert>:
10000318:	b570      	push	{r4, r5, r6, lr}
1000031a:	f3ef 8c10 	mrs	ip, PRIMASK
1000031e:	b672      	cpsid	i
10000320:	4d0d      	ldr	r5, [pc, #52]	@ (10000358 <hw_claim_or_assert+0x40>)
10000322:	682b      	ldr	r3, [r5, #0]
10000324:	2b00      	cmp	r3, #0
10000326:	d0fc      	beq.n	10000322 <hw_claim_or_assert+0xa>
10000328:	f3bf 8f5f 	dmb	sy
1000032c:	2407      	movs	r4, #7
1000032e:	08cb      	lsrs	r3, r1, #3
10000330:	18c6      	adds	r6, r0, r3
10000332:	5cc0      	ldrb	r0, [r0, r3]
10000334:	2301      	movs	r3, #1
10000336:	400c      	ands	r4, r1
10000338:	40a3      	lsls	r3, r4
1000033a:	001c      	movs	r4, r3
1000033c:	4004      	ands	r4, r0
1000033e:	4203      	tst	r3, r0
10000340:	d107      	bne.n	10000352 <hw_claim_or_assert+0x3a>
10000342:	4318      	orrs	r0, r3
10000344:	7030      	strb	r0, [r6, #0]
10000346:	f3bf 8f5f 	dmb	sy
1000034a:	602c      	str	r4, [r5, #0]
1000034c:	f38c 8810 	msr	PRIMASK, ip
10000350:	bd70      	pop	{r4, r5, r6, pc}
10000352:	0010      	movs	r0, r2
10000354:	f7ff ffc8 	bl	100002e8 <panic>
10000358:	d000012c 	.word	0xd000012c

1000035c <next_striped_spin_lock_num>:
1000035c:	4a04      	ldr	r2, [pc, #16]	@ (10000370 <next_striped_spin_lock_num+0x14>)
1000035e:	7810      	ldrb	r0, [r2, #0]
10000360:	1c43      	adds	r3, r0, #1
10000362:	b2db      	uxtb	r3, r3
10000364:	2b17      	cmp	r3, #23
10000366:	d900      	bls.n	1000036a <next_striped_spin_lock_num+0xe>
10000368:	2310      	movs	r3, #16
1000036a:	7013      	strb	r3, [r2, #0]
1000036c:	4770      	bx	lr
1000036e:	46c0      	nop			@ (mov r8, r8)
10000370:	20000198 	.word	0x20000198

10000374 <spin_locks_reset>:
10000374:	2100      	movs	r1, #0
10000376:	4b04      	ldr	r3, [pc, #16]	@ (10000388 <spin_locks_reset+0x14>)
10000378:	4a04      	ldr	r2, [pc, #16]	@ (1000038c <spin_locks_reset+0x18>)
1000037a:	f3bf 8f5f 	dmb	sy
1000037e:	c302      	stmia	r3!, {r1}
10000380:	4293      	cmp	r3, r2
10000382:	d1fa      	bne.n	1000037a <spin_locks_reset+0x6>
10000384:	4770      	bx	lr
10000386:	46c0      	nop			@ (mov r8, r8)
10000388:	d0000100 	.word	0xd0000100
1000038c:	d0000180 	.word	0xd0000180

10000390 <runtime_init_per_core_irq_priorities>:
10000390:	4b05      	ldr	r3, [pc, #20]	@ (100003a8 <runtime_init_per_core_irq_priorities+0x18>)
10000392:	4a06      	ldr	r2, [pc, #24]	@ (100003ac <runtime_init_per_core_irq_priorities+0x1c>)
10000394:	6013      	str	r3, [r2, #0]
10000396:	4a06      	ldr	r2, [pc, #24]	@ (100003b0 <runtime_init_per_core_irq_priorities+0x20>)
10000398:	6013      	str	r3, [r2, #0]
1000039a:	6053      	str	r3, [r2, #4]
1000039c:	6093      	str	r3, [r2, #8]
1000039e:	60d3      	str	r3, [r2, #12]
100003a0:	6113      	str	r3, [r2, #16]
100003a2:	6153      	str	r3, [r2, #20]
100003a4:	6193      	str	r3, [r2, #24]
100003a6:	4770      	bx	lr
100003a8:	80808080 	.word	0x80808080
100003ac:	e000e400 	.word	0xe000e400
100003b0:	e000e404 	.word	0xe000e404

100003b4 <irq_set_enabled>:
100003b4:	231f      	movs	r3, #31
100003b6:	4018      	ands	r0, r3
100003b8:	3b1e      	subs	r3, #30
100003ba:	4083      	lsls	r3, r0
100003bc:	2900      	cmp	r1, #0
100003be:	d005      	beq.n	100003cc <irq_set_enabled+0x18>
100003c0:	21c0      	movs	r1, #192	@ 0xc0
100003c2:	4a04      	ldr	r2, [pc, #16]	@ (100003d4 <irq_set_enabled+0x20>)
100003c4:	0049      	lsls	r1, r1, #1
100003c6:	5053      	str	r3, [r2, r1]
100003c8:	6013      	str	r3, [r2, #0]
100003ca:	4770      	bx	lr
100003cc:	2280      	movs	r2, #128	@ 0x80
100003ce:	4901      	ldr	r1, [pc, #4]	@ (100003d4 <irq_set_enabled+0x20>)
100003d0:	508b      	str	r3, [r1, r2]
100003d2:	e7fa      	b.n	100003ca <irq_set_enabled+0x16>
100003d4:	e000e100 	.word	0xe000e100

100003d8 <irq_set_exclusive_handler>:
100003d8:	b570      	push	{r4, r5, r6, lr}
100003da:	000d      	movs	r5, r1
100003dc:	f3ef 8610 	mrs	r6, PRIMASK
100003e0:	b672      	cpsid	i
100003e2:	4a0f      	ldr	r2, [pc, #60]	@ (10000420 <irq_set_exclusive_handler+0x48>)
100003e4:	6813      	ldr	r3, [r2, #0]
100003e6:	2b00      	cmp	r3, #0
100003e8:	d0fc      	beq.n	100003e4 <irq_set_exclusive_handler+0xc>
100003ea:	f3bf 8f5f 	dmb	sy
100003ee:	4b0d      	ldr	r3, [pc, #52]	@ (10000424 <irq_set_exclusive_handler+0x4c>)
100003f0:	3010      	adds	r0, #16
100003f2:	689b      	ldr	r3, [r3, #8]
100003f4:	0084      	lsls	r4, r0, #2
100003f6:	591b      	ldr	r3, [r3, r4]
100003f8:	4a0b      	ldr	r2, [pc, #44]	@ (10000428 <irq_set_exclusive_handler+0x50>)
100003fa:	4293      	cmp	r3, r2
100003fc:	d003      	beq.n	10000406 <irq_set_exclusive_handler+0x2e>
100003fe:	429d      	cmp	r5, r3
10000400:	d001      	beq.n	10000406 <irq_set_exclusive_handler+0x2e>
10000402:	f000 ff1b 	bl	1000123c <hard_assertion_failure>
10000406:	4b07      	ldr	r3, [pc, #28]	@ (10000424 <irq_set_exclusive_handler+0x4c>)
10000408:	689b      	ldr	r3, [r3, #8]
1000040a:	511d      	str	r5, [r3, r4]
1000040c:	f3bf 8f5f 	dmb	sy
10000410:	f3bf 8f5f 	dmb	sy
10000414:	2200      	movs	r2, #0
10000416:	4b02      	ldr	r3, [pc, #8]	@ (10000420 <irq_set_exclusive_handler+0x48>)
10000418:	601a      	str	r2, [r3, #0]
1000041a:	f386 8810 	msr	PRIMASK, r6
1000041e:	bd70      	pop	{r4, r5, r6, pc}
10000420:	d0000124 	.word	0xd0000124
10000424:	e000ed00 	.word	0xe000ed00
10000428:	100001cd 	.word	0x100001cd

1000042c <irq_remove_handler>:
1000042c:	b5f0      	push	{r4, r5, r6, r7, lr}
1000042e:	46de      	mov	lr, fp
10000430:	4657      	mov	r7, sl
10000432:	464e      	mov	r6, r9
10000434:	4645      	mov	r5, r8
10000436:	b5e0      	push	{r5, r6, r7, lr}
10000438:	000c      	movs	r4, r1
1000043a:	b083      	sub	sp, #12
1000043c:	f3ef 8810 	mrs	r8, PRIMASK
10000440:	b672      	cpsid	i
10000442:	4a63      	ldr	r2, [pc, #396]	@ (100005d0 <irq_remove_handler+0x1a4>)
10000444:	6813      	ldr	r3, [r2, #0]
10000446:	2b00      	cmp	r3, #0
10000448:	d0fc      	beq.n	10000444 <irq_remove_handler+0x18>
1000044a:	f3bf 8f5f 	dmb	sy
1000044e:	4b61      	ldr	r3, [pc, #388]	@ (100005d4 <irq_remove_handler+0x1a8>)
10000450:	4961      	ldr	r1, [pc, #388]	@ (100005d8 <irq_remove_handler+0x1ac>)
10000452:	689a      	ldr	r2, [r3, #8]
10000454:	0003      	movs	r3, r0
10000456:	3310      	adds	r3, #16
10000458:	009f      	lsls	r7, r3, #2
1000045a:	59d5      	ldr	r5, [r2, r7]
1000045c:	9301      	str	r3, [sp, #4]
1000045e:	428d      	cmp	r5, r1
10000460:	d043      	beq.n	100004ea <irq_remove_handler+0xbe>
10000462:	42a5      	cmp	r5, r4
10000464:	d054      	beq.n	10000510 <irq_remove_handler+0xe4>
10000466:	4e5d      	ldr	r6, [pc, #372]	@ (100005dc <irq_remove_handler+0x1b0>)
10000468:	1baa      	subs	r2, r5, r6
1000046a:	2a2f      	cmp	r2, #47	@ 0x2f
1000046c:	d83d      	bhi.n	100004ea <irq_remove_handler+0xbe>
1000046e:	4b5c      	ldr	r3, [pc, #368]	@ (100005e0 <irq_remove_handler+0x1b4>)
10000470:	469b      	mov	fp, r3
10000472:	681b      	ldr	r3, [r3, #0]
10000474:	4699      	mov	r9, r3
10000476:	2301      	movs	r3, #1
10000478:	001a      	movs	r2, r3
1000047a:	469c      	mov	ip, r3
1000047c:	4082      	lsls	r2, r0
1000047e:	464b      	mov	r3, r9
10000480:	4013      	ands	r3, r2
10000482:	221f      	movs	r2, #31
10000484:	4699      	mov	r9, r3
10000486:	4663      	mov	r3, ip
10000488:	4002      	ands	r2, r0
1000048a:	4093      	lsls	r3, r2
1000048c:	469a      	mov	sl, r3
1000048e:	2280      	movs	r2, #128	@ 0x80
10000490:	465b      	mov	r3, fp
10000492:	4650      	mov	r0, sl
10000494:	5098      	str	r0, [r3, r2]
10000496:	f3bf 8f5f 	dmb	sy
1000049a:	f3ef 8305 	mrs	r3, IPSR
1000049e:	469b      	mov	fp, r3
100004a0:	2b00      	cmp	r3, #0
100004a2:	d037      	beq.n	10000514 <irq_remove_handler+0xe8>
100004a4:	9b01      	ldr	r3, [sp, #4]
100004a6:	455b      	cmp	r3, fp
100004a8:	d001      	beq.n	100004ae <irq_remove_handler+0x82>
100004aa:	f000 fec7 	bl	1000123c <hard_assertion_failure>
100004ae:	2301      	movs	r3, #1
100004b0:	002a      	movs	r2, r5
100004b2:	439a      	bics	r2, r3
100004b4:	6890      	ldr	r0, [r2, #8]
100004b6:	4284      	cmp	r4, r0
100004b8:	d108      	bne.n	100004cc <irq_remove_handler+0xa0>
100004ba:	e076      	b.n	100005aa <irq_remove_handler+0x17e>
100004bc:	004b      	lsls	r3, r1, #1
100004be:	185b      	adds	r3, r3, r1
100004c0:	009b      	lsls	r3, r3, #2
100004c2:	18f3      	adds	r3, r6, r3
100004c4:	6898      	ldr	r0, [r3, #8]
100004c6:	4284      	cmp	r4, r0
100004c8:	d036      	beq.n	10000538 <irq_remove_handler+0x10c>
100004ca:	001a      	movs	r2, r3
100004cc:	2106      	movs	r1, #6
100004ce:	5651      	ldrsb	r1, [r2, r1]
100004d0:	2900      	cmp	r1, #0
100004d2:	daf3      	bge.n	100004bc <irq_remove_handler+0x90>
100004d4:	4284      	cmp	r4, r0
100004d6:	d054      	beq.n	10000582 <irq_remove_handler+0x156>
100004d8:	464b      	mov	r3, r9
100004da:	2b00      	cmp	r3, #0
100004dc:	d027      	beq.n	1000052e <irq_remove_handler+0x102>
100004de:	22c0      	movs	r2, #192	@ 0xc0
100004e0:	4651      	mov	r1, sl
100004e2:	4b3f      	ldr	r3, [pc, #252]	@ (100005e0 <irq_remove_handler+0x1b4>)
100004e4:	0052      	lsls	r2, r2, #1
100004e6:	5099      	str	r1, [r3, r2]
100004e8:	6019      	str	r1, [r3, #0]
100004ea:	4b3a      	ldr	r3, [pc, #232]	@ (100005d4 <irq_remove_handler+0x1a8>)
100004ec:	689b      	ldr	r3, [r3, #8]
100004ee:	51dd      	str	r5, [r3, r7]
100004f0:	f3bf 8f5f 	dmb	sy
100004f4:	f3bf 8f5f 	dmb	sy
100004f8:	2200      	movs	r2, #0
100004fa:	4b35      	ldr	r3, [pc, #212]	@ (100005d0 <irq_remove_handler+0x1a4>)
100004fc:	601a      	str	r2, [r3, #0]
100004fe:	f388 8810 	msr	PRIMASK, r8
10000502:	b003      	add	sp, #12
10000504:	bcf0      	pop	{r4, r5, r6, r7}
10000506:	46bb      	mov	fp, r7
10000508:	46b2      	mov	sl, r6
1000050a:	46a9      	mov	r9, r5
1000050c:	46a0      	mov	r8, r4
1000050e:	bdf0      	pop	{r4, r5, r6, r7, pc}
10000510:	000d      	movs	r5, r1
10000512:	e7ea      	b.n	100004ea <irq_remove_handler+0xbe>
10000514:	002a      	movs	r2, r5
10000516:	4663      	mov	r3, ip
10000518:	439a      	bics	r2, r3
1000051a:	6890      	ldr	r0, [r2, #8]
1000051c:	4284      	cmp	r4, r0
1000051e:	d1d5      	bne.n	100004cc <irq_remove_handler+0xa0>
10000520:	2006      	movs	r0, #6
10000522:	5610      	ldrsb	r0, [r2, r0]
10000524:	0013      	movs	r3, r2
10000526:	2800      	cmp	r0, #0
10000528:	da0a      	bge.n	10000540 <irq_remove_handler+0x114>
1000052a:	000d      	movs	r5, r1
1000052c:	e031      	b.n	10000592 <irq_remove_handler+0x166>
1000052e:	2380      	movs	r3, #128	@ 0x80
10000530:	4651      	mov	r1, sl
10000532:	4a2b      	ldr	r2, [pc, #172]	@ (100005e0 <irq_remove_handler+0x1b4>)
10000534:	50d1      	str	r1, [r2, r3]
10000536:	e7d8      	b.n	100004ea <irq_remove_handler+0xbe>
10000538:	2006      	movs	r0, #6
1000053a:	5618      	ldrsb	r0, [r3, r0]
1000053c:	2800      	cmp	r0, #0
1000053e:	db21      	blt.n	10000584 <irq_remove_handler+0x158>
10000540:	0042      	lsls	r2, r0, #1
10000542:	1811      	adds	r1, r2, r0
10000544:	0089      	lsls	r1, r1, #2
10000546:	1874      	adds	r4, r6, r1
10000548:	468b      	mov	fp, r1
1000054a:	68a1      	ldr	r1, [r4, #8]
1000054c:	6099      	str	r1, [r3, #8]
1000054e:	79e1      	ldrb	r1, [r4, #7]
10000550:	71d9      	strb	r1, [r3, #7]
10000552:	2106      	movs	r1, #6
10000554:	5661      	ldrsb	r1, [r4, r1]
10000556:	7199      	strb	r1, [r3, #6]
10000558:	2900      	cmp	r1, #0
1000055a:	db24      	blt.n	100005a6 <irq_remove_handler+0x17a>
1000055c:	88a4      	ldrh	r4, [r4, #4]
1000055e:	1af1      	subs	r1, r6, r3
10000560:	0564      	lsls	r4, r4, #21
10000562:	1524      	asrs	r4, r4, #20
10000564:	445c      	add	r4, fp
10000566:	1909      	adds	r1, r1, r4
10000568:	0509      	lsls	r1, r1, #20
1000056a:	4c1e      	ldr	r4, [pc, #120]	@ (100005e4 <irq_remove_handler+0x1b8>)
1000056c:	0d49      	lsrs	r1, r1, #21
1000056e:	4321      	orrs	r1, r4
10000570:	8099      	strh	r1, [r3, #4]
10000572:	1813      	adds	r3, r2, r0
10000574:	4a1c      	ldr	r2, [pc, #112]	@ (100005e8 <irq_remove_handler+0x1bc>)
10000576:	009b      	lsls	r3, r3, #2
10000578:	7811      	ldrb	r1, [r2, #0]
1000057a:	18f3      	adds	r3, r6, r3
1000057c:	7199      	strb	r1, [r3, #6]
1000057e:	7010      	strb	r0, [r2, #0]
10000580:	e7aa      	b.n	100004d8 <irq_remove_handler+0xac>
10000582:	0013      	movs	r3, r2
10000584:	4659      	mov	r1, fp
10000586:	2900      	cmp	r1, #0
10000588:	d114      	bne.n	100005b4 <irq_remove_handler+0x188>
1000058a:	31ff      	adds	r1, #255	@ 0xff
1000058c:	7191      	strb	r1, [r2, #6]
1000058e:	4917      	ldr	r1, [pc, #92]	@ (100005ec <irq_remove_handler+0x1c0>)
10000590:	8091      	strh	r1, [r2, #4]
10000592:	4915      	ldr	r1, [pc, #84]	@ (100005e8 <irq_remove_handler+0x1bc>)
10000594:	780a      	ldrb	r2, [r1, #0]
10000596:	719a      	strb	r2, [r3, #6]
10000598:	4a15      	ldr	r2, [pc, #84]	@ (100005f0 <irq_remove_handler+0x1c4>)
1000059a:	1b9b      	subs	r3, r3, r6
1000059c:	415b      	adcs	r3, r3
1000059e:	435a      	muls	r2, r3
100005a0:	0d12      	lsrs	r2, r2, #20
100005a2:	700a      	strb	r2, [r1, #0]
100005a4:	e798      	b.n	100004d8 <irq_remove_handler+0xac>
100005a6:	4911      	ldr	r1, [pc, #68]	@ (100005ec <irq_remove_handler+0x1c0>)
100005a8:	e7e2      	b.n	10000570 <irq_remove_handler+0x144>
100005aa:	2006      	movs	r0, #6
100005ac:	5610      	ldrsb	r0, [r2, r0]
100005ae:	0013      	movs	r3, r2
100005b0:	2800      	cmp	r0, #0
100005b2:	dac5      	bge.n	10000540 <irq_remove_handler+0x114>
100005b4:	4a0f      	ldr	r2, [pc, #60]	@ (100005f4 <irq_remove_handler+0x1c8>)
100005b6:	4910      	ldr	r1, [pc, #64]	@ (100005f8 <irq_remove_handler+0x1cc>)
100005b8:	1ad2      	subs	r2, r2, r3
100005ba:	3a08      	subs	r2, #8
100005bc:	0250      	lsls	r0, r2, #9
100005be:	0d40      	lsrs	r0, r0, #21
100005c0:	4301      	orrs	r1, r0
100005c2:	8099      	strh	r1, [r3, #4]
100005c4:	490d      	ldr	r1, [pc, #52]	@ (100005fc <irq_remove_handler+0x1d0>)
100005c6:	0852      	lsrs	r2, r2, #1
100005c8:	430a      	orrs	r2, r1
100005ca:	80da      	strh	r2, [r3, #6]
100005cc:	e784      	b.n	100004d8 <irq_remove_handler+0xac>
100005ce:	46c0      	nop			@ (mov r8, r8)
100005d0:	d0000124 	.word	0xd0000124
100005d4:	e000ed00 	.word	0xe000ed00
100005d8:	100001cd 	.word	0x100001cd
100005dc:	2000019c 	.word	0x2000019c
100005e0:	e000e100 	.word	0xe000e100
100005e4:	ffffe000 	.word	0xffffe000
100005e8:	200007d8 	.word	0x200007d8
100005ec:	ffffbd01 	.word	0xffffbd01
100005f0:	0000aaaa 	.word	0x0000aaaa
100005f4:	200001d6 	.word	0x200001d6
100005f8:	fffff000 	.word	0xfffff000
100005fc:	fffff800 	.word	0xfffff800

10000600 <irq_add_tail_to_free_list>:
10000600:	b570      	push	{r4, r5, r6, lr}
10000602:	2401      	movs	r4, #1
10000604:	4304      	orrs	r4, r0
10000606:	f3ef 8105 	mrs	r1, IPSR
1000060a:	f3ef 8c10 	mrs	ip, PRIMASK
1000060e:	b672      	cpsid	i
10000610:	4a21      	ldr	r2, [pc, #132]	@ (10000698 <irq_add_tail_to_free_list+0x98>)
10000612:	6813      	ldr	r3, [r2, #0]
10000614:	2b00      	cmp	r3, #0
10000616:	d0fc      	beq.n	10000612 <irq_add_tail_to_free_list+0x12>
10000618:	f3bf 8f5f 	dmb	sy
1000061c:	4b1f      	ldr	r3, [pc, #124]	@ (1000069c <irq_add_tail_to_free_list+0x9c>)
1000061e:	0005      	movs	r5, r0
10000620:	4a1f      	ldr	r2, [pc, #124]	@ (100006a0 <irq_add_tail_to_free_list+0xa0>)
10000622:	1aed      	subs	r5, r5, r3
10000624:	416d      	adcs	r5, r5
10000626:	436a      	muls	r2, r5
10000628:	0d12      	lsrs	r2, r2, #20
1000062a:	4d1e      	ldr	r5, [pc, #120]	@ (100006a4 <irq_add_tail_to_free_list+0xa4>)
1000062c:	0089      	lsls	r1, r1, #2
1000062e:	68ae      	ldr	r6, [r5, #8]
10000630:	b252      	sxtb	r2, r2
10000632:	5876      	ldr	r6, [r6, r1]
10000634:	42a6      	cmp	r6, r4
10000636:	d01c      	beq.n	10000672 <irq_add_tail_to_free_list+0x72>
10000638:	2106      	movs	r1, #6
1000063a:	5659      	ldrsb	r1, [r3, r1]
1000063c:	4291      	cmp	r1, r2
1000063e:	d01c      	beq.n	1000067a <irq_add_tail_to_free_list+0x7a>
10000640:	2112      	movs	r1, #18
10000642:	5659      	ldrsb	r1, [r3, r1]
10000644:	4291      	cmp	r1, r2
10000646:	d022      	beq.n	1000068e <irq_add_tail_to_free_list+0x8e>
10000648:	211e      	movs	r1, #30
1000064a:	5659      	ldrsb	r1, [r3, r1]
1000064c:	4291      	cmp	r1, r2
1000064e:	d020      	beq.n	10000692 <irq_add_tail_to_free_list+0x92>
10000650:	212a      	movs	r1, #42	@ 0x2a
10000652:	5659      	ldrsb	r1, [r3, r1]
10000654:	2403      	movs	r4, #3
10000656:	4291      	cmp	r1, r2
10000658:	d010      	beq.n	1000067c <irq_add_tail_to_free_list+0x7c>
1000065a:	4b13      	ldr	r3, [pc, #76]	@ (100006a8 <irq_add_tail_to_free_list+0xa8>)
1000065c:	7819      	ldrb	r1, [r3, #0]
1000065e:	701a      	strb	r2, [r3, #0]
10000660:	7181      	strb	r1, [r0, #6]
10000662:	f3bf 8f5f 	dmb	sy
10000666:	2200      	movs	r2, #0
10000668:	4b0b      	ldr	r3, [pc, #44]	@ (10000698 <irq_add_tail_to_free_list+0x98>)
1000066a:	601a      	str	r2, [r3, #0]
1000066c:	f38c 8810 	msr	PRIMASK, ip
10000670:	bd70      	pop	{r4, r5, r6, pc}
10000672:	68ab      	ldr	r3, [r5, #8]
10000674:	4c0d      	ldr	r4, [pc, #52]	@ (100006ac <irq_add_tail_to_free_list+0xac>)
10000676:	505c      	str	r4, [r3, r1]
10000678:	e7ef      	b.n	1000065a <irq_add_tail_to_free_list+0x5a>
1000067a:	2400      	movs	r4, #0
1000067c:	0061      	lsls	r1, r4, #1
1000067e:	1909      	adds	r1, r1, r4
10000680:	0089      	lsls	r1, r1, #2
10000682:	185b      	adds	r3, r3, r1
10000684:	21ff      	movs	r1, #255	@ 0xff
10000686:	7199      	strb	r1, [r3, #6]
10000688:	4909      	ldr	r1, [pc, #36]	@ (100006b0 <irq_add_tail_to_free_list+0xb0>)
1000068a:	8099      	strh	r1, [r3, #4]
1000068c:	e7e5      	b.n	1000065a <irq_add_tail_to_free_list+0x5a>
1000068e:	2401      	movs	r4, #1
10000690:	e7f4      	b.n	1000067c <irq_add_tail_to_free_list+0x7c>
10000692:	2402      	movs	r4, #2
10000694:	e7f2      	b.n	1000067c <irq_add_tail_to_free_list+0x7c>
10000696:	46c0      	nop			@ (mov r8, r8)
10000698:	d0000124 	.word	0xd0000124
1000069c:	2000019c 	.word	0x2000019c
100006a0:	0000aaaa 	.word	0x0000aaaa
100006a4:	e000ed00 	.word	0xe000ed00
100006a8:	200007d8 	.word	0x200007d8
100006ac:	100001cd 	.word	0x100001cd
100006b0:	ffffbd01 	.word	0xffffbd01

100006b4 <lock_init>:
100006b4:	4b02      	ldr	r3, [pc, #8]	@ (100006c0 <lock_init+0xc>)
100006b6:	469c      	mov	ip, r3
100006b8:	4461      	add	r1, ip
100006ba:	0089      	lsls	r1, r1, #2
100006bc:	6001      	str	r1, [r0, #0]
100006be:	4770      	bx	lr
100006c0:	34000040 	.word	0x34000040

100006c4 <runtime_init_mutex>:
100006c4:	b570      	push	{r4, r5, r6, lr}
100006c6:	4c11      	ldr	r4, [pc, #68]	@ (1000070c <runtime_init_mutex+0x48>)
100006c8:	4d11      	ldr	r5, [pc, #68]	@ (10000710 <runtime_init_mutex+0x4c>)
100006ca:	42ac      	cmp	r4, r5
100006cc:	d20f      	bcs.n	100006ee <runtime_init_mutex+0x2a>
100006ce:	26ff      	movs	r6, #255	@ 0xff
100006d0:	6823      	ldr	r3, [r4, #0]
100006d2:	2b00      	cmp	r3, #0
100006d4:	d00c      	beq.n	100006f0 <runtime_init_mutex+0x2c>
100006d6:	f7ff fe41 	bl	1000035c <next_striped_spin_lock_num>
100006da:	0001      	movs	r1, r0
100006dc:	0020      	movs	r0, r4
100006de:	f7ff ffe9 	bl	100006b4 <lock_init>
100006e2:	80a6      	strh	r6, [r4, #4]
100006e4:	f3bf 8f5f 	dmb	sy
100006e8:	3408      	adds	r4, #8
100006ea:	42ac      	cmp	r4, r5
100006ec:	d3f0      	bcc.n	100006d0 <runtime_init_mutex+0xc>
100006ee:	bd70      	pop	{r4, r5, r6, pc}
100006f0:	f7ff fe34 	bl	1000035c <next_striped_spin_lock_num>
100006f4:	0001      	movs	r1, r0
100006f6:	0020      	movs	r0, r4
100006f8:	f7ff ffdc 	bl	100006b4 <lock_init>
100006fc:	7126      	strb	r6, [r4, #4]
100006fe:	f3bf 8f5f 	dmb	sy
10000702:	3408      	adds	r4, #8
10000704:	42ac      	cmp	r4, r5
10000706:	d3e3      	bcc.n	100006d0 <runtime_init_mutex+0xc>
10000708:	e7f1      	b.n	100006ee <runtime_init_mutex+0x2a>
1000070a:	46c0      	nop			@ (mov r8, r8)
1000070c:	2000023c 	.word	0x2000023c
10000710:	20000244 	.word	0x20000244

10000714 <sleep_until_callback>:
10000714:	4b0a      	ldr	r3, [pc, #40]	@ (10000740 <sleep_until_callback+0x2c>)
10000716:	6819      	ldr	r1, [r3, #0]
10000718:	f3ef 8010 	mrs	r0, PRIMASK
1000071c:	b672      	cpsid	i
1000071e:	680a      	ldr	r2, [r1, #0]
10000720:	2a00      	cmp	r2, #0
10000722:	d0fc      	beq.n	1000071e <sleep_until_callback+0xa>
10000724:	f3bf 8f5f 	dmb	sy
10000728:	681b      	ldr	r3, [r3, #0]
1000072a:	f3bf 8f5f 	dmb	sy
1000072e:	2200      	movs	r2, #0
10000730:	601a      	str	r2, [r3, #0]
10000732:	f380 8810 	msr	PRIMASK, r0
10000736:	bf40      	sev
10000738:	2000      	movs	r0, #0
1000073a:	2100      	movs	r1, #0
1000073c:	4770      	bx	lr
1000073e:	46c0      	nop			@ (mov r8, r8)
10000740:	200007cc 	.word	0x200007cc

10000744 <alarm_pool_irq_handler>:
10000744:	b5f0      	push	{r4, r5, r6, r7, lr}
10000746:	46de      	mov	lr, fp
10000748:	4657      	mov	r7, sl
1000074a:	464e      	mov	r6, r9
1000074c:	4645      	mov	r5, r8
1000074e:	b5e0      	push	{r5, r6, r7, lr}
10000750:	b087      	sub	sp, #28
10000752:	f3ef 8305 	mrs	r3, IPSR
10000756:	2203      	movs	r2, #3
10000758:	2501      	movs	r5, #1
1000075a:	401a      	ands	r2, r3
1000075c:	4095      	lsls	r5, r2
1000075e:	0091      	lsls	r1, r2, #2
10000760:	4688      	mov	r8, r1
10000762:	46a9      	mov	r9, r5
10000764:	4bb3      	ldr	r3, [pc, #716]	@ (10000a34 <alarm_pool_irq_handler+0x2f0>)
10000766:	9203      	str	r2, [sp, #12]
10000768:	585c      	ldr	r4, [r3, r1]
1000076a:	4bb3      	ldr	r3, [pc, #716]	@ (10000a38 <alarm_pool_irq_handler+0x2f4>)
1000076c:	601d      	str	r5, [r3, #0]
1000076e:	4bb3      	ldr	r3, [pc, #716]	@ (10000a3c <alarm_pool_irq_handler+0x2f8>)
10000770:	9304      	str	r3, [sp, #16]
10000772:	464b      	mov	r3, r9
10000774:	48b2      	ldr	r0, [pc, #712]	@ (10000a40 <alarm_pool_irq_handler+0x2fc>)
10000776:	6343      	str	r3, [r0, #52]	@ 0x34
10000778:	2308      	movs	r3, #8
1000077a:	5ee5      	ldrsh	r5, [r4, r3]
1000077c:	2d00      	cmp	r5, #0
1000077e:	da37      	bge.n	100007f0 <alarm_pool_irq_handler+0xac>
10000780:	88a3      	ldrh	r3, [r4, #4]
10000782:	b21b      	sxth	r3, r3
10000784:	2b00      	cmp	r3, #0
10000786:	db00      	blt.n	1000078a <alarm_pool_irq_handler+0x46>
10000788:	e0ad      	b.n	100008e6 <alarm_pool_irq_handler+0x1a2>
1000078a:	79a3      	ldrb	r3, [r4, #6]
1000078c:	2b00      	cmp	r3, #0
1000078e:	d000      	beq.n	10000792 <alarm_pool_irq_handler+0x4e>
10000790:	e0ee      	b.n	10000970 <alarm_pool_irq_handler+0x22c>
10000792:	2308      	movs	r3, #8
10000794:	5ee0      	ldrsh	r0, [r4, r3]
10000796:	2800      	cmp	r0, #0
10000798:	db20      	blt.n	100007dc <alarm_pool_irq_handler+0x98>
1000079a:	0043      	lsls	r3, r0, #1
1000079c:	6962      	ldr	r2, [r4, #20]
1000079e:	181b      	adds	r3, r3, r0
100007a0:	00db      	lsls	r3, r3, #3
100007a2:	18d3      	adds	r3, r2, r3
100007a4:	689e      	ldr	r6, [r3, #8]
100007a6:	68dd      	ldr	r5, [r3, #12]
100007a8:	1c73      	adds	r3, r6, #1
100007aa:	d100      	bne.n	100007ae <alarm_pool_irq_handler+0x6a>
100007ac:	e111      	b.n	100009d2 <alarm_pool_irq_handler+0x28e>
100007ae:	48a4      	ldr	r0, [pc, #656]	@ (10000a40 <alarm_pool_irq_handler+0x2fc>)
100007b0:	0001      	movs	r1, r0
100007b2:	4441      	add	r1, r8
100007b4:	6a82      	ldr	r2, [r0, #40]	@ 0x28
100007b6:	690b      	ldr	r3, [r1, #16]
100007b8:	1ab7      	subs	r7, r6, r2
100007ba:	1a9b      	subs	r3, r3, r2
100007bc:	429f      	cmp	r7, r3
100007be:	d315      	bcc.n	100007ec <alarm_pool_irq_handler+0xa8>
100007c0:	2301      	movs	r3, #1
100007c2:	6a02      	ldr	r2, [r0, #32]
100007c4:	9803      	ldr	r0, [sp, #12]
100007c6:	4083      	lsls	r3, r0
100007c8:	421a      	tst	r2, r3
100007ca:	d00f      	beq.n	100007ec <alarm_pool_irq_handler+0xa8>
100007cc:	489c      	ldr	r0, [pc, #624]	@ (10000a40 <alarm_pool_irq_handler+0x2fc>)
100007ce:	f000 fac9 	bl	10000d64 <timer_time_us_64>
100007d2:	428d      	cmp	r5, r1
100007d4:	dc02      	bgt.n	100007dc <alarm_pool_irq_handler+0x98>
100007d6:	d1cc      	bne.n	10000772 <alarm_pool_irq_handler+0x2e>
100007d8:	4286      	cmp	r6, r0
100007da:	d9ca      	bls.n	10000772 <alarm_pool_irq_handler+0x2e>
100007dc:	bf40      	sev
100007de:	b007      	add	sp, #28
100007e0:	bcf0      	pop	{r4, r5, r6, r7}
100007e2:	46bb      	mov	fp, r7
100007e4:	46b2      	mov	sl, r6
100007e6:	46a9      	mov	r9, r5
100007e8:	46a0      	mov	r8, r4
100007ea:	bdf0      	pop	{r4, r5, r6, r7, pc}
100007ec:	610e      	str	r6, [r1, #16]
100007ee:	e7ed      	b.n	100007cc <alarm_pool_irq_handler+0x88>
100007f0:	6962      	ldr	r2, [r4, #20]
100007f2:	006b      	lsls	r3, r5, #1
100007f4:	4692      	mov	sl, r2
100007f6:	195b      	adds	r3, r3, r5
100007f8:	00db      	lsls	r3, r3, #3
100007fa:	449a      	add	sl, r3
100007fc:	4653      	mov	r3, sl
100007fe:	689e      	ldr	r6, [r3, #8]
10000800:	68df      	ldr	r7, [r3, #12]
10000802:	f000 faaf 	bl	10000d64 <timer_time_us_64>
10000806:	428f      	cmp	r7, r1
10000808:	dcba      	bgt.n	10000780 <alarm_pool_irq_handler+0x3c>
1000080a:	d100      	bne.n	1000080e <alarm_pool_irq_handler+0xca>
1000080c:	e103      	b.n	10000a16 <alarm_pool_irq_handler+0x2d2>
1000080e:	2f00      	cmp	r7, #0
10000810:	da00      	bge.n	10000814 <alarm_pool_irq_handler+0xd0>
10000812:	e0e8      	b.n	100009e6 <alarm_pool_irq_handler+0x2a2>
10000814:	4652      	mov	r2, sl
10000816:	4653      	mov	r3, sl
10000818:	6952      	ldr	r2, [r2, #20]
1000081a:	691b      	ldr	r3, [r3, #16]
1000081c:	4693      	mov	fp, r2
1000081e:	9a04      	ldr	r2, [sp, #16]
10000820:	4293      	cmp	r3, r2
10000822:	d100      	bne.n	10000826 <alarm_pool_irq_handler+0xe2>
10000824:	e0d9      	b.n	100009da <alarm_pool_irq_handler+0x296>
10000826:	4652      	mov	r2, sl
10000828:	2108      	movs	r1, #8
1000082a:	5e60      	ldrsh	r0, [r4, r1]
1000082c:	8852      	ldrh	r2, [r2, #2]
1000082e:	0400      	lsls	r0, r0, #16
10000830:	4659      	mov	r1, fp
10000832:	4310      	orrs	r0, r2
10000834:	4798      	blx	r3
10000836:	9000      	str	r0, [sp, #0]
10000838:	9101      	str	r1, [sp, #4]
1000083a:	9900      	ldr	r1, [sp, #0]
1000083c:	9a01      	ldr	r2, [sp, #4]
1000083e:	000b      	movs	r3, r1
10000840:	0010      	movs	r0, r2
10000842:	4313      	orrs	r3, r2
10000844:	d100      	bne.n	10000848 <alarm_pool_irq_handler+0x104>
10000846:	e0ce      	b.n	100009e6 <alarm_pool_irq_handler+0x2a2>
10000848:	0013      	movs	r3, r2
1000084a:	000a      	movs	r2, r1
1000084c:	1ab6      	subs	r6, r6, r2
1000084e:	419f      	sbcs	r7, r3
10000850:	2800      	cmp	r0, #0
10000852:	db06      	blt.n	10000862 <alarm_pool_irq_handler+0x11e>
10000854:	487a      	ldr	r0, [pc, #488]	@ (10000a40 <alarm_pool_irq_handler+0x2fc>)
10000856:	f000 fa85 	bl	10000d64 <timer_time_us_64>
1000085a:	9e00      	ldr	r6, [sp, #0]
1000085c:	9f01      	ldr	r7, [sp, #4]
1000085e:	1836      	adds	r6, r6, r0
10000860:	414f      	adcs	r7, r1
10000862:	4653      	mov	r3, sl
10000864:	609e      	str	r6, [r3, #8]
10000866:	60df      	str	r7, [r3, #12]
10000868:	2200      	movs	r2, #0
1000086a:	5e9a      	ldrsh	r2, [r3, r2]
1000086c:	2a00      	cmp	r2, #0
1000086e:	da00      	bge.n	10000872 <alarm_pool_irq_handler+0x12e>
10000870:	e786      	b.n	10000780 <alarm_pool_irq_handler+0x3c>
10000872:	0053      	lsls	r3, r2, #1
10000874:	1899      	adds	r1, r3, r2
10000876:	6960      	ldr	r0, [r4, #20]
10000878:	00c9      	lsls	r1, r1, #3
1000087a:	1841      	adds	r1, r0, r1
1000087c:	9302      	str	r3, [sp, #8]
1000087e:	688b      	ldr	r3, [r1, #8]
10000880:	68c9      	ldr	r1, [r1, #12]
10000882:	469b      	mov	fp, r3
10000884:	42b9      	cmp	r1, r7
10000886:	dd00      	ble.n	1000088a <alarm_pool_irq_handler+0x146>
10000888:	e77a      	b.n	10000780 <alarm_pool_irq_handler+0x3c>
1000088a:	d102      	bne.n	10000892 <alarm_pool_irq_handler+0x14e>
1000088c:	42b3      	cmp	r3, r6
1000088e:	d900      	bls.n	10000892 <alarm_pool_irq_handler+0x14e>
10000890:	e776      	b.n	10000780 <alarm_pool_irq_handler+0x3c>
10000892:	2308      	movs	r3, #8
10000894:	469c      	mov	ip, r3
10000896:	44a4      	add	ip, r4
10000898:	9505      	str	r5, [sp, #20]
1000089a:	4665      	mov	r5, ip
1000089c:	8122      	strh	r2, [r4, #8]
1000089e:	46a4      	mov	ip, r4
100008a0:	9b02      	ldr	r3, [sp, #8]
100008a2:	002c      	movs	r4, r5
100008a4:	e006      	b.n	100008b4 <alarm_pool_irq_handler+0x170>
100008a6:	0053      	lsls	r3, r2, #1
100008a8:	1899      	adds	r1, r3, r2
100008aa:	00c9      	lsls	r1, r1, #3
100008ac:	1841      	adds	r1, r0, r1
100008ae:	688d      	ldr	r5, [r1, #8]
100008b0:	68c9      	ldr	r1, [r1, #12]
100008b2:	46ab      	mov	fp, r5
100008b4:	189b      	adds	r3, r3, r2
100008b6:	00db      	lsls	r3, r3, #3
100008b8:	18c3      	adds	r3, r0, r3
100008ba:	42b9      	cmp	r1, r7
100008bc:	dc06      	bgt.n	100008cc <alarm_pool_irq_handler+0x188>
100008be:	d100      	bne.n	100008c2 <alarm_pool_irq_handler+0x17e>
100008c0:	e0b3      	b.n	10000a2a <alarm_pool_irq_handler+0x2e6>
100008c2:	001c      	movs	r4, r3
100008c4:	2300      	movs	r3, #0
100008c6:	5ee2      	ldrsh	r2, [r4, r3]
100008c8:	2a00      	cmp	r2, #0
100008ca:	daec      	bge.n	100008a6 <alarm_pool_irq_handler+0x162>
100008cc:	0023      	movs	r3, r4
100008ce:	4664      	mov	r4, ip
100008d0:	469c      	mov	ip, r3
100008d2:	4653      	mov	r3, sl
100008d4:	801a      	strh	r2, [r3, #0]
100008d6:	4663      	mov	r3, ip
100008d8:	9d05      	ldr	r5, [sp, #20]
100008da:	801d      	strh	r5, [r3, #0]
100008dc:	88a3      	ldrh	r3, [r4, #4]
100008de:	b21b      	sxth	r3, r3
100008e0:	2b00      	cmp	r3, #0
100008e2:	da00      	bge.n	100008e6 <alarm_pool_irq_handler+0x1a2>
100008e4:	e751      	b.n	1000078a <alarm_pool_irq_handler+0x46>
100008e6:	6922      	ldr	r2, [r4, #16]
100008e8:	f3ef 8110 	mrs	r1, PRIMASK
100008ec:	b672      	cpsid	i
100008ee:	6813      	ldr	r3, [r2, #0]
100008f0:	2b00      	cmp	r3, #0
100008f2:	d0fc      	beq.n	100008ee <alarm_pool_irq_handler+0x1aa>
100008f4:	f3bf 8f5f 	dmb	sy
100008f8:	2301      	movs	r3, #1
100008fa:	88a7      	ldrh	r7, [r4, #4]
100008fc:	425b      	negs	r3, r3
100008fe:	80a3      	strh	r3, [r4, #4]
10000900:	b23f      	sxth	r7, r7
10000902:	6923      	ldr	r3, [r4, #16]
10000904:	f3bf 8f5f 	dmb	sy
10000908:	2200      	movs	r2, #0
1000090a:	601a      	str	r2, [r3, #0]
1000090c:	f381 8810 	msr	PRIMASK, r1
10000910:	2f00      	cmp	r7, #0
10000912:	da00      	bge.n	10000916 <alarm_pool_irq_handler+0x1d2>
10000914:	e739      	b.n	1000078a <alarm_pool_irq_handler+0x46>
10000916:	0023      	movs	r3, r4
10000918:	3308      	adds	r3, #8
1000091a:	0022      	movs	r2, r4
1000091c:	469a      	mov	sl, r3
1000091e:	6966      	ldr	r6, [r4, #20]
10000920:	007b      	lsls	r3, r7, #1
10000922:	19db      	adds	r3, r3, r7
10000924:	00db      	lsls	r3, r3, #3
10000926:	18f3      	adds	r3, r6, r3
10000928:	6899      	ldr	r1, [r3, #8]
1000092a:	4650      	mov	r0, sl
1000092c:	468c      	mov	ip, r1
1000092e:	2408      	movs	r4, #8
10000930:	5f11      	ldrsh	r1, [r2, r4]
10000932:	68dd      	ldr	r5, [r3, #12]
10000934:	2900      	cmp	r1, #0
10000936:	db10      	blt.n	1000095a <alarm_pool_irq_handler+0x216>
10000938:	9302      	str	r3, [sp, #8]
1000093a:	e006      	b.n	1000094a <alarm_pool_irq_handler+0x206>
1000093c:	42ab      	cmp	r3, r5
1000093e:	d044      	beq.n	100009ca <alarm_pool_irq_handler+0x286>
10000940:	2300      	movs	r3, #0
10000942:	5ee1      	ldrsh	r1, [r4, r3]
10000944:	0020      	movs	r0, r4
10000946:	2900      	cmp	r1, #0
10000948:	db06      	blt.n	10000958 <alarm_pool_irq_handler+0x214>
1000094a:	004c      	lsls	r4, r1, #1
1000094c:	1864      	adds	r4, r4, r1
1000094e:	00e4      	lsls	r4, r4, #3
10000950:	1934      	adds	r4, r6, r4
10000952:	68e3      	ldr	r3, [r4, #12]
10000954:	42ab      	cmp	r3, r5
10000956:	ddf1      	ble.n	1000093c <alarm_pool_irq_handler+0x1f8>
10000958:	9b02      	ldr	r3, [sp, #8]
1000095a:	8007      	strh	r7, [r0, #0]
1000095c:	2000      	movs	r0, #0
1000095e:	5e1f      	ldrsh	r7, [r3, r0]
10000960:	8019      	strh	r1, [r3, #0]
10000962:	2f00      	cmp	r7, #0
10000964:	dadc      	bge.n	10000920 <alarm_pool_irq_handler+0x1dc>
10000966:	0014      	movs	r4, r2
10000968:	79a3      	ldrb	r3, [r4, #6]
1000096a:	2b00      	cmp	r3, #0
1000096c:	d100      	bne.n	10000970 <alarm_pool_irq_handler+0x22c>
1000096e:	e710      	b.n	10000792 <alarm_pool_irq_handler+0x4e>
10000970:	2300      	movs	r3, #0
10000972:	71a3      	strb	r3, [r4, #6]
10000974:	0026      	movs	r6, r4
10000976:	2308      	movs	r3, #8
10000978:	5ee1      	ldrsh	r1, [r4, r3]
1000097a:	3608      	adds	r6, #8
1000097c:	1c4b      	adds	r3, r1, #1
1000097e:	d100      	bne.n	10000982 <alarm_pool_irq_handler+0x23e>
10000980:	e72c      	b.n	100007dc <alarm_pool_irq_handler+0x98>
10000982:	0008      	movs	r0, r1
10000984:	46a2      	mov	sl, r4
10000986:	6965      	ldr	r5, [r4, #20]
10000988:	e002      	b.n	10000990 <alarm_pool_irq_handler+0x24c>
1000098a:	003e      	movs	r6, r7
1000098c:	1c4b      	adds	r3, r1, #1
1000098e:	d01a      	beq.n	100009c6 <alarm_pool_irq_handler+0x282>
10000990:	004b      	lsls	r3, r1, #1
10000992:	185b      	adds	r3, r3, r1
10000994:	00db      	lsls	r3, r3, #3
10000996:	18ef      	adds	r7, r5, r3
10000998:	000a      	movs	r2, r1
1000099a:	468c      	mov	ip, r1
1000099c:	5ee9      	ldrsh	r1, [r5, r3]
1000099e:	887b      	ldrh	r3, [r7, #2]
100009a0:	b21b      	sxth	r3, r3
100009a2:	2b00      	cmp	r3, #0
100009a4:	daf1      	bge.n	1000098a <alarm_pool_irq_handler+0x246>
100009a6:	2301      	movs	r3, #1
100009a8:	425b      	negs	r3, r3
100009aa:	17dc      	asrs	r4, r3, #31
100009ac:	60bb      	str	r3, [r7, #8]
100009ae:	60fc      	str	r4, [r7, #12]
100009b0:	4282      	cmp	r2, r0
100009b2:	d005      	beq.n	100009c0 <alarm_pool_irq_handler+0x27c>
100009b4:	4653      	mov	r3, sl
100009b6:	8031      	strh	r1, [r6, #0]
100009b8:	891b      	ldrh	r3, [r3, #8]
100009ba:	803b      	strh	r3, [r7, #0]
100009bc:	4653      	mov	r3, sl
100009be:	811a      	strh	r2, [r3, #8]
100009c0:	4660      	mov	r0, ip
100009c2:	1c4b      	adds	r3, r1, #1
100009c4:	d1e4      	bne.n	10000990 <alarm_pool_irq_handler+0x24c>
100009c6:	4654      	mov	r4, sl
100009c8:	e6e5      	b.n	10000796 <alarm_pool_irq_handler+0x52>
100009ca:	68a3      	ldr	r3, [r4, #8]
100009cc:	4563      	cmp	r3, ip
100009ce:	d9b7      	bls.n	10000940 <alarm_pool_irq_handler+0x1fc>
100009d0:	e7c2      	b.n	10000958 <alarm_pool_irq_handler+0x214>
100009d2:	1c6b      	adds	r3, r5, #1
100009d4:	d000      	beq.n	100009d8 <alarm_pool_irq_handler+0x294>
100009d6:	e6ea      	b.n	100007ae <alarm_pool_irq_handler+0x6a>
100009d8:	e6f8      	b.n	100007cc <alarm_pool_irq_handler+0x88>
100009da:	465b      	mov	r3, fp
100009dc:	4658      	mov	r0, fp
100009de:	691b      	ldr	r3, [r3, #16]
100009e0:	4798      	blx	r3
100009e2:	2800      	cmp	r0, #0
100009e4:	d11b      	bne.n	10000a1e <alarm_pool_irq_handler+0x2da>
100009e6:	4653      	mov	r3, sl
100009e8:	881b      	ldrh	r3, [r3, #0]
100009ea:	6922      	ldr	r2, [r4, #16]
100009ec:	8123      	strh	r3, [r4, #8]
100009ee:	f3ef 8310 	mrs	r3, PRIMASK
100009f2:	b672      	cpsid	i
100009f4:	6811      	ldr	r1, [r2, #0]
100009f6:	2900      	cmp	r1, #0
100009f8:	d0fc      	beq.n	100009f4 <alarm_pool_irq_handler+0x2b0>
100009fa:	f3bf 8f5f 	dmb	sy
100009fe:	4651      	mov	r1, sl
10000a00:	8862      	ldrh	r2, [r4, #2]
10000a02:	800a      	strh	r2, [r1, #0]
10000a04:	6922      	ldr	r2, [r4, #16]
10000a06:	8065      	strh	r5, [r4, #2]
10000a08:	f3bf 8f5f 	dmb	sy
10000a0c:	2100      	movs	r1, #0
10000a0e:	6011      	str	r1, [r2, #0]
10000a10:	f383 8810 	msr	PRIMASK, r3
10000a14:	e6b4      	b.n	10000780 <alarm_pool_irq_handler+0x3c>
10000a16:	4286      	cmp	r6, r0
10000a18:	d800      	bhi.n	10000a1c <alarm_pool_irq_handler+0x2d8>
10000a1a:	e6f8      	b.n	1000080e <alarm_pool_irq_handler+0xca>
10000a1c:	e6b0      	b.n	10000780 <alarm_pool_irq_handler+0x3c>
10000a1e:	465b      	mov	r3, fp
10000a20:	681a      	ldr	r2, [r3, #0]
10000a22:	685b      	ldr	r3, [r3, #4]
10000a24:	9200      	str	r2, [sp, #0]
10000a26:	9301      	str	r3, [sp, #4]
10000a28:	e707      	b.n	1000083a <alarm_pool_irq_handler+0xf6>
10000a2a:	45b3      	cmp	fp, r6
10000a2c:	d800      	bhi.n	10000a30 <alarm_pool_irq_handler+0x2ec>
10000a2e:	e748      	b.n	100008c2 <alarm_pool_irq_handler+0x17e>
10000a30:	e74c      	b.n	100008cc <alarm_pool_irq_handler+0x188>
10000a32:	46c0      	nop			@ (mov r8, r8)
10000a34:	200007b8 	.word	0x200007b8
10000a38:	4005703c 	.word	0x4005703c
10000a3c:	10000745 	.word	0x10000745
10000a40:	40054000 	.word	0x40054000

10000a44 <runtime_init_default_alarm_pool>:
10000a44:	b570      	push	{r4, r5, r6, lr}
10000a46:	4c2e      	ldr	r4, [pc, #184]	@ (10000b00 <runtime_init_default_alarm_pool+0xbc>)
10000a48:	6925      	ldr	r5, [r4, #16]
10000a4a:	2d00      	cmp	r5, #0
10000a4c:	d004      	beq.n	10000a58 <runtime_init_default_alarm_pool+0x14>
10000a4e:	210a      	movs	r1, #10
10000a50:	482c      	ldr	r0, [pc, #176]	@ (10000b04 <runtime_init_default_alarm_pool+0xc0>)
10000a52:	f7ff fe2f 	bl	100006b4 <lock_init>
10000a56:	bd70      	pop	{r4, r5, r6, pc}
10000a58:	4e2b      	ldr	r6, [pc, #172]	@ (10000b08 <runtime_init_default_alarm_pool+0xc4>)
10000a5a:	2103      	movs	r1, #3
10000a5c:	0030      	movs	r0, r6
10000a5e:	f000 f977 	bl	10000d50 <timer_hardware_alarm_claim>
10000a62:	60e6      	str	r6, [r4, #12]
10000a64:	f7ff fc7a 	bl	1000035c <next_striped_spin_lock_num>
10000a68:	4b28      	ldr	r3, [pc, #160]	@ (10000b0c <runtime_init_default_alarm_pool+0xc8>)
10000a6a:	2203      	movs	r2, #3
10000a6c:	469c      	mov	ip, r3
10000a6e:	23d0      	movs	r3, #208	@ 0xd0
10000a70:	7022      	strb	r2, [r4, #0]
10000a72:	061b      	lsls	r3, r3, #24
10000a74:	681b      	ldr	r3, [r3, #0]
10000a76:	2101      	movs	r1, #1
10000a78:	7063      	strb	r3, [r4, #1]
10000a7a:	4b25      	ldr	r3, [pc, #148]	@ (10000b10 <runtime_init_default_alarm_pool+0xcc>)
10000a7c:	4460      	add	r0, ip
10000a7e:	60a3      	str	r3, [r4, #8]
10000a80:	230f      	movs	r3, #15
10000a82:	0080      	lsls	r0, r0, #2
10000a84:	6120      	str	r0, [r4, #16]
10000a86:	2002      	movs	r0, #2
10000a88:	8063      	strh	r3, [r4, #2]
10000a8a:	6963      	ldr	r3, [r4, #20]
10000a8c:	4249      	negs	r1, r1
10000a8e:	80a1      	strh	r1, [r4, #4]
10000a90:	8019      	strh	r1, [r3, #0]
10000a92:	3102      	adds	r1, #2
10000a94:	8619      	strh	r1, [r3, #48]	@ 0x30
10000a96:	3147      	adds	r1, #71	@ 0x47
10000a98:	831d      	strh	r5, [r3, #24]
10000a9a:	5258      	strh	r0, [r3, r1]
10000a9c:	3118      	adds	r1, #24
10000a9e:	525a      	strh	r2, [r3, r1]
10000aa0:	3275      	adds	r2, #117	@ 0x75
10000aa2:	395c      	subs	r1, #92	@ 0x5c
10000aa4:	5299      	strh	r1, [r3, r2]
10000aa6:	3218      	adds	r2, #24
10000aa8:	3101      	adds	r1, #1
10000aaa:	5299      	strh	r1, [r3, r2]
10000aac:	3218      	adds	r2, #24
10000aae:	3101      	adds	r1, #1
10000ab0:	5299      	strh	r1, [r3, r2]
10000ab2:	3218      	adds	r2, #24
10000ab4:	3101      	adds	r1, #1
10000ab6:	5299      	strh	r1, [r3, r2]
10000ab8:	3508      	adds	r5, #8
10000aba:	3218      	adds	r2, #24
10000abc:	529d      	strh	r5, [r3, r2]
10000abe:	3102      	adds	r1, #2
10000ac0:	3218      	adds	r2, #24
10000ac2:	5299      	strh	r1, [r3, r2]
10000ac4:	3218      	adds	r2, #24
10000ac6:	3101      	adds	r1, #1
10000ac8:	5299      	strh	r1, [r3, r2]
10000aca:	3218      	adds	r2, #24
10000acc:	3101      	adds	r1, #1
10000ace:	5299      	strh	r1, [r3, r2]
10000ad0:	3218      	adds	r2, #24
10000ad2:	3101      	adds	r1, #1
10000ad4:	5299      	strh	r1, [r3, r2]
10000ad6:	3218      	adds	r2, #24
10000ad8:	3101      	adds	r1, #1
10000ada:	5299      	strh	r1, [r3, r2]
10000adc:	3218      	adds	r2, #24
10000ade:	3101      	adds	r1, #1
10000ae0:	5299      	strh	r1, [r3, r2]
10000ae2:	4b0c      	ldr	r3, [pc, #48]	@ (10000b14 <runtime_init_default_alarm_pool+0xd0>)
10000ae4:	490c      	ldr	r1, [pc, #48]	@ (10000b18 <runtime_init_default_alarm_pool+0xd4>)
10000ae6:	60dc      	str	r4, [r3, #12]
10000ae8:	3001      	adds	r0, #1
10000aea:	6235      	str	r5, [r6, #32]
10000aec:	f7ff fc74 	bl	100003d8 <irq_set_exclusive_handler>
10000af0:	2101      	movs	r1, #1
10000af2:	2003      	movs	r0, #3
10000af4:	f7ff fc5e 	bl	100003b4 <irq_set_enabled>
10000af8:	4b08      	ldr	r3, [pc, #32]	@ (10000b1c <runtime_init_default_alarm_pool+0xd8>)
10000afa:	601d      	str	r5, [r3, #0]
10000afc:	e7a7      	b.n	10000a4e <runtime_init_default_alarm_pool+0xa>
10000afe:	46c0      	nop			@ (mov r8, r8)
10000b00:	200001e4 	.word	0x200001e4
10000b04:	200007cc 	.word	0x200007cc
10000b08:	40054000 	.word	0x40054000
10000b0c:	34000040 	.word	0x34000040
10000b10:	0010ffff 	.word	0x0010ffff
10000b14:	200007b8 	.word	0x200007b8
10000b18:	10000745 	.word	0x10000745
10000b1c:	40056038 	.word	0x40056038

10000b20 <alarm_pool_add_alarm_at_force_in_context>:
10000b20:	b570      	push	{r4, r5, r6, lr}
10000b22:	0001      	movs	r1, r0
10000b24:	6904      	ldr	r4, [r0, #16]
10000b26:	f3ef 8c10 	mrs	ip, PRIMASK
10000b2a:	b672      	cpsid	i
10000b2c:	6820      	ldr	r0, [r4, #0]
10000b2e:	2800      	cmp	r0, #0
10000b30:	d0fc      	beq.n	10000b2c <alarm_pool_add_alarm_at_force_in_context+0xc>
10000b32:	f3bf 8f5f 	dmb	sy
10000b36:	2002      	movs	r0, #2
10000b38:	5e0d      	ldrsh	r5, [r1, r0]
10000b3a:	694c      	ldr	r4, [r1, #20]
10000b3c:	0068      	lsls	r0, r5, #1
10000b3e:	1940      	adds	r0, r0, r5
10000b40:	00c0      	lsls	r0, r0, #3
10000b42:	1824      	adds	r4, r4, r0
10000b44:	6908      	ldr	r0, [r1, #16]
10000b46:	2d00      	cmp	r5, #0
10000b48:	db36      	blt.n	10000bb8 <alarm_pool_add_alarm_at_force_in_context+0x98>
10000b4a:	8826      	ldrh	r6, [r4, #0]
10000b4c:	804e      	strh	r6, [r1, #2]
10000b4e:	f3bf 8f5f 	dmb	sy
10000b52:	2600      	movs	r6, #0
10000b54:	6006      	str	r6, [r0, #0]
10000b56:	f38c 8810 	msr	PRIMASK, ip
10000b5a:	60e3      	str	r3, [r4, #12]
10000b5c:	8863      	ldrh	r3, [r4, #2]
10000b5e:	9804      	ldr	r0, [sp, #16]
10000b60:	3301      	adds	r3, #1
10000b62:	6120      	str	r0, [r4, #16]
10000b64:	045b      	lsls	r3, r3, #17
10000b66:	9805      	ldr	r0, [sp, #20]
10000b68:	0c5b      	lsrs	r3, r3, #17
10000b6a:	60a2      	str	r2, [r4, #8]
10000b6c:	6160      	str	r0, [r4, #20]
10000b6e:	1c1a      	adds	r2, r3, #0
10000b70:	2b00      	cmp	r3, #0
10000b72:	d01f      	beq.n	10000bb4 <alarm_pool_add_alarm_at_force_in_context+0x94>
10000b74:	b293      	uxth	r3, r2
10000b76:	0428      	lsls	r0, r5, #16
10000b78:	8062      	strh	r2, [r4, #2]
10000b7a:	4318      	orrs	r0, r3
10000b7c:	690a      	ldr	r2, [r1, #16]
10000b7e:	f3ef 8c10 	mrs	ip, PRIMASK
10000b82:	b672      	cpsid	i
10000b84:	6813      	ldr	r3, [r2, #0]
10000b86:	2b00      	cmp	r3, #0
10000b88:	d0fc      	beq.n	10000b84 <alarm_pool_add_alarm_at_force_in_context+0x64>
10000b8a:	f3bf 8f5f 	dmb	sy
10000b8e:	888b      	ldrh	r3, [r1, #4]
10000b90:	8023      	strh	r3, [r4, #0]
10000b92:	808d      	strh	r5, [r1, #4]
10000b94:	690b      	ldr	r3, [r1, #16]
10000b96:	f3bf 8f5f 	dmb	sy
10000b9a:	2200      	movs	r2, #0
10000b9c:	601a      	str	r2, [r3, #0]
10000b9e:	f38c 8810 	msr	PRIMASK, ip
10000ba2:	780b      	ldrb	r3, [r1, #0]
10000ba4:	3201      	adds	r2, #1
10000ba6:	409a      	lsls	r2, r3
10000ba8:	68cb      	ldr	r3, [r1, #12]
10000baa:	4908      	ldr	r1, [pc, #32]	@ (10000bcc <alarm_pool_add_alarm_at_force_in_context+0xac>)
10000bac:	468c      	mov	ip, r1
10000bae:	4463      	add	r3, ip
10000bb0:	601a      	str	r2, [r3, #0]
10000bb2:	bd70      	pop	{r4, r5, r6, pc}
10000bb4:	2201      	movs	r2, #1
10000bb6:	e7dd      	b.n	10000b74 <alarm_pool_add_alarm_at_force_in_context+0x54>
10000bb8:	f3bf 8f5f 	dmb	sy
10000bbc:	2300      	movs	r3, #0
10000bbe:	6003      	str	r3, [r0, #0]
10000bc0:	f38c 8810 	msr	PRIMASK, ip
10000bc4:	2001      	movs	r0, #1
10000bc6:	4240      	negs	r0, r0
10000bc8:	e7f3      	b.n	10000bb2 <alarm_pool_add_alarm_at_force_in_context+0x92>
10000bca:	46c0      	nop			@ (mov r8, r8)
10000bcc:	0000203c 	.word	0x0000203c

10000bd0 <alarm_pool_cancel_alarm>:
10000bd0:	b510      	push	{r4, lr}
10000bd2:	8943      	ldrh	r3, [r0, #10]
10000bd4:	140a      	asrs	r2, r1, #16
10000bd6:	4293      	cmp	r3, r2
10000bd8:	dd1a      	ble.n	10000c10 <alarm_pool_cancel_alarm+0x40>
10000bda:	0053      	lsls	r3, r2, #1
10000bdc:	189b      	adds	r3, r3, r2
10000bde:	6942      	ldr	r2, [r0, #20]
10000be0:	00db      	lsls	r3, r3, #3
10000be2:	18d3      	adds	r3, r2, r3
10000be4:	6904      	ldr	r4, [r0, #16]
10000be6:	f3ef 8c10 	mrs	ip, PRIMASK
10000bea:	b672      	cpsid	i
10000bec:	6822      	ldr	r2, [r4, #0]
10000bee:	2a00      	cmp	r2, #0
10000bf0:	d0fc      	beq.n	10000bec <alarm_pool_cancel_alarm+0x1c>
10000bf2:	f3bf 8f5f 	dmb	sy
10000bf6:	885a      	ldrh	r2, [r3, #2]
10000bf8:	0409      	lsls	r1, r1, #16
10000bfa:	b294      	uxth	r4, r2
10000bfc:	0c09      	lsrs	r1, r1, #16
10000bfe:	428a      	cmp	r2, r1
10000c00:	d008      	beq.n	10000c14 <alarm_pool_cancel_alarm+0x44>
10000c02:	6903      	ldr	r3, [r0, #16]
10000c04:	f3bf 8f5f 	dmb	sy
10000c08:	2200      	movs	r2, #0
10000c0a:	601a      	str	r2, [r3, #0]
10000c0c:	f38c 8810 	msr	PRIMASK, ip
10000c10:	2000      	movs	r0, #0
10000c12:	bd10      	pop	{r4, pc}
10000c14:	2280      	movs	r2, #128	@ 0x80
10000c16:	0212      	lsls	r2, r2, #8
10000c18:	4314      	orrs	r4, r2
10000c1a:	805c      	strh	r4, [r3, #2]
10000c1c:	2301      	movs	r3, #1
10000c1e:	6902      	ldr	r2, [r0, #16]
10000c20:	7183      	strb	r3, [r0, #6]
10000c22:	f3bf 8f5f 	dmb	sy
10000c26:	2100      	movs	r1, #0
10000c28:	6011      	str	r1, [r2, #0]
10000c2a:	f38c 8810 	msr	PRIMASK, ip
10000c2e:	4904      	ldr	r1, [pc, #16]	@ (10000c40 <alarm_pool_cancel_alarm+0x70>)
10000c30:	7802      	ldrb	r2, [r0, #0]
10000c32:	468c      	mov	ip, r1
10000c34:	4093      	lsls	r3, r2
10000c36:	68c2      	ldr	r2, [r0, #12]
10000c38:	2001      	movs	r0, #1
10000c3a:	4462      	add	r2, ip
10000c3c:	6013      	str	r3, [r2, #0]
10000c3e:	e7e8      	b.n	10000c12 <alarm_pool_cancel_alarm+0x42>
10000c40:	0000203c 	.word	0x0000203c

10000c44 <best_effort_wfe_or_timeout>:
10000c44:	b5f0      	push	{r4, r5, r6, r7, lr}
10000c46:	4657      	mov	r7, sl
10000c48:	464e      	mov	r6, r9
10000c4a:	46de      	mov	lr, fp
10000c4c:	4645      	mov	r5, r8
10000c4e:	b5e0      	push	{r5, r6, r7, lr}
10000c50:	0006      	movs	r6, r0
10000c52:	000f      	movs	r7, r1
10000c54:	b085      	sub	sp, #20
10000c56:	f3ef 8305 	mrs	r3, IPSR
10000c5a:	4699      	mov	r9, r3
10000c5c:	468b      	mov	fp, r1
10000c5e:	2b00      	cmp	r3, #0
10000c60:	d012      	beq.n	10000c88 <best_effort_wfe_or_timeout+0x44>
10000c62:	4938      	ldr	r1, [pc, #224]	@ (10000d44 <best_effort_wfe_or_timeout+0x100>)
10000c64:	2000      	movs	r0, #0
10000c66:	6a4b      	ldr	r3, [r1, #36]	@ 0x24
10000c68:	42bb      	cmp	r3, r7
10000c6a:	d306      	bcc.n	10000c7a <best_effort_wfe_or_timeout+0x36>
10000c6c:	6a8a      	ldr	r2, [r1, #40]	@ 0x28
10000c6e:	1bdb      	subs	r3, r3, r7
10000c70:	1e59      	subs	r1, r3, #1
10000c72:	418b      	sbcs	r3, r1
10000c74:	42b2      	cmp	r2, r6
10000c76:	4140      	adcs	r0, r0
10000c78:	4318      	orrs	r0, r3
10000c7a:	b005      	add	sp, #20
10000c7c:	bcf0      	pop	{r4, r5, r6, r7}
10000c7e:	46bb      	mov	fp, r7
10000c80:	46b2      	mov	sl, r6
10000c82:	46a9      	mov	r9, r5
10000c84:	46a0      	mov	r8, r4
10000c86:	bdf0      	pop	{r4, r5, r6, r7, pc}
10000c88:	4b2f      	ldr	r3, [pc, #188]	@ (10000d48 <best_effort_wfe_or_timeout+0x104>)
10000c8a:	469a      	mov	sl, r3
10000c8c:	68db      	ldr	r3, [r3, #12]
10000c8e:	4698      	mov	r8, r3
10000c90:	4653      	mov	r3, sl
10000c92:	781b      	ldrb	r3, [r3, #0]
10000c94:	4640      	mov	r0, r8
10000c96:	9303      	str	r3, [sp, #12]
10000c98:	f000 f864 	bl	10000d64 <timer_time_us_64>
10000c9c:	4642      	mov	r2, r8
10000c9e:	9b03      	ldr	r3, [sp, #12]
10000ca0:	0004      	movs	r4, r0
10000ca2:	3304      	adds	r3, #4
10000ca4:	009b      	lsls	r3, r3, #2
10000ca6:	589b      	ldr	r3, [r3, r2]
10000ca8:	000d      	movs	r5, r1
10000caa:	1a1b      	subs	r3, r3, r0
10000cac:	0039      	movs	r1, r7
10000cae:	0030      	movs	r0, r6
10000cb0:	1b00      	subs	r0, r0, r4
10000cb2:	41a9      	sbcs	r1, r5
10000cb4:	4589      	cmp	r9, r1
10000cb6:	dc10      	bgt.n	10000cda <best_effort_wfe_or_timeout+0x96>
10000cb8:	d00d      	beq.n	10000cd6 <best_effort_wfe_or_timeout+0x92>
10000cba:	bf20      	wfe
10000cbc:	4a21      	ldr	r2, [pc, #132]	@ (10000d44 <best_effort_wfe_or_timeout+0x100>)
10000cbe:	2000      	movs	r0, #0
10000cc0:	6a53      	ldr	r3, [r2, #36]	@ 0x24
10000cc2:	455b      	cmp	r3, fp
10000cc4:	d3d9      	bcc.n	10000c7a <best_effort_wfe_or_timeout+0x36>
10000cc6:	6a92      	ldr	r2, [r2, #40]	@ 0x28
10000cc8:	1bdb      	subs	r3, r3, r7
10000cca:	1e59      	subs	r1, r3, #1
10000ccc:	418b      	sbcs	r3, r1
10000cce:	42b2      	cmp	r2, r6
10000cd0:	4140      	adcs	r0, r0
10000cd2:	4318      	orrs	r0, r3
10000cd4:	e7d1      	b.n	10000c7a <best_effort_wfe_or_timeout+0x36>
10000cd6:	4283      	cmp	r3, r0
10000cd8:	d9ef      	bls.n	10000cba <best_effort_wfe_or_timeout+0x76>
10000cda:	f000 f84b 	bl	10000d74 <time_us_64>
10000cde:	0032      	movs	r2, r6
10000ce0:	003b      	movs	r3, r7
10000ce2:	1a12      	subs	r2, r2, r0
10000ce4:	418b      	sbcs	r3, r1
10000ce6:	2b00      	cmp	r3, #0
10000ce8:	db1a      	blt.n	10000d20 <best_effort_wfe_or_timeout+0xdc>
10000cea:	2300      	movs	r3, #0
10000cec:	9301      	str	r3, [sp, #4]
10000cee:	4b17      	ldr	r3, [pc, #92]	@ (10000d4c <best_effort_wfe_or_timeout+0x108>)
10000cf0:	0032      	movs	r2, r6
10000cf2:	9300      	str	r3, [sp, #0]
10000cf4:	4650      	mov	r0, sl
10000cf6:	003b      	movs	r3, r7
10000cf8:	f7ff ff12 	bl	10000b20 <alarm_pool_add_alarm_at_force_in_context>
10000cfc:	1e01      	subs	r1, r0, #0
10000cfe:	dd0f      	ble.n	10000d20 <best_effort_wfe_or_timeout+0xdc>
10000d00:	4b10      	ldr	r3, [pc, #64]	@ (10000d44 <best_effort_wfe_or_timeout+0x100>)
10000d02:	6a5a      	ldr	r2, [r3, #36]	@ 0x24
10000d04:	455a      	cmp	r2, fp
10000d06:	d31b      	bcc.n	10000d40 <best_effort_wfe_or_timeout+0xfc>
10000d08:	6a9b      	ldr	r3, [r3, #40]	@ 0x28
10000d0a:	42b3      	cmp	r3, r6
10000d0c:	d316      	bcc.n	10000d3c <best_effort_wfe_or_timeout+0xf8>
10000d0e:	4650      	mov	r0, sl
10000d10:	f7ff ff5e 	bl	10000bd0 <alarm_pool_cancel_alarm>
10000d14:	4a0b      	ldr	r2, [pc, #44]	@ (10000d44 <best_effort_wfe_or_timeout+0x100>)
10000d16:	2000      	movs	r0, #0
10000d18:	6a53      	ldr	r3, [r2, #36]	@ 0x24
10000d1a:	455b      	cmp	r3, fp
10000d1c:	d3ad      	bcc.n	10000c7a <best_effort_wfe_or_timeout+0x36>
10000d1e:	e7d2      	b.n	10000cc6 <best_effort_wfe_or_timeout+0x82>
10000d20:	4a08      	ldr	r2, [pc, #32]	@ (10000d44 <best_effort_wfe_or_timeout+0x100>)
10000d22:	2000      	movs	r0, #0
10000d24:	6a53      	ldr	r3, [r2, #36]	@ 0x24
10000d26:	455b      	cmp	r3, fp
10000d28:	d3a7      	bcc.n	10000c7a <best_effort_wfe_or_timeout+0x36>
10000d2a:	2000      	movs	r0, #0
10000d2c:	6a92      	ldr	r2, [r2, #40]	@ 0x28
10000d2e:	1bdb      	subs	r3, r3, r7
10000d30:	42b2      	cmp	r2, r6
10000d32:	4140      	adcs	r0, r0
10000d34:	1e5a      	subs	r2, r3, #1
10000d36:	4193      	sbcs	r3, r2
10000d38:	4318      	orrs	r0, r3
10000d3a:	e79e      	b.n	10000c7a <best_effort_wfe_or_timeout+0x36>
10000d3c:	455a      	cmp	r2, fp
10000d3e:	d1e6      	bne.n	10000d0e <best_effort_wfe_or_timeout+0xca>
10000d40:	bf20      	wfe
10000d42:	e7e4      	b.n	10000d0e <best_effort_wfe_or_timeout+0xca>
10000d44:	40054000 	.word	0x40054000
10000d48:	200001e4 	.word	0x200001e4
10000d4c:	10000715 	.word	0x10000715

10000d50 <timer_hardware_alarm_claim>:
10000d50:	b510      	push	{r4, lr}
10000d52:	4a02      	ldr	r2, [pc, #8]	@ (10000d5c <timer_hardware_alarm_claim+0xc>)
10000d54:	4802      	ldr	r0, [pc, #8]	@ (10000d60 <timer_hardware_alarm_claim+0x10>)
10000d56:	f7ff fadf 	bl	10000318 <hw_claim_or_assert>
10000d5a:	bd10      	pop	{r4, pc}
10000d5c:	10001cd8 	.word	0x10001cd8
10000d60:	20000768 	.word	0x20000768

10000d64 <timer_time_us_64>:
10000d64:	0003      	movs	r3, r0
10000d66:	6a41      	ldr	r1, [r0, #36]	@ 0x24
10000d68:	000a      	movs	r2, r1
10000d6a:	6a98      	ldr	r0, [r3, #40]	@ 0x28
10000d6c:	6a59      	ldr	r1, [r3, #36]	@ 0x24
10000d6e:	428a      	cmp	r2, r1
10000d70:	d1fa      	bne.n	10000d68 <timer_time_us_64+0x4>
10000d72:	4770      	bx	lr

10000d74 <time_us_64>:
10000d74:	4b03      	ldr	r3, [pc, #12]	@ (10000d84 <time_us_64+0x10>)
10000d76:	6a59      	ldr	r1, [r3, #36]	@ 0x24
10000d78:	000a      	movs	r2, r1
10000d7a:	6a98      	ldr	r0, [r3, #40]	@ 0x28
10000d7c:	6a59      	ldr	r1, [r3, #36]	@ 0x24
10000d7e:	4291      	cmp	r1, r2
10000d80:	d1fa      	bne.n	10000d78 <time_us_64+0x4>
10000d82:	4770      	bx	lr
10000d84:	40054000 	.word	0x40054000

10000d88 <busy_wait_us>:
10000d88:	b570      	push	{r4, r5, r6, lr}
10000d8a:	0004      	movs	r4, r0
10000d8c:	000d      	movs	r5, r1
10000d8e:	4a17      	ldr	r2, [pc, #92]	@ (10000dec <busy_wait_us+0x64>)
10000d90:	6a53      	ldr	r3, [r2, #36]	@ 0x24
10000d92:	0019      	movs	r1, r3
10000d94:	6a96      	ldr	r6, [r2, #40]	@ 0x28
10000d96:	6a53      	ldr	r3, [r2, #36]	@ 0x24
10000d98:	428b      	cmp	r3, r1
10000d9a:	d1fa      	bne.n	10000d92 <busy_wait_us+0xa>
10000d9c:	0030      	movs	r0, r6
10000d9e:	0019      	movs	r1, r3
10000da0:	1824      	adds	r4, r4, r0
10000da2:	414d      	adcs	r5, r1
10000da4:	42ab      	cmp	r3, r5
10000da6:	d816      	bhi.n	10000dd6 <busy_wait_us+0x4e>
10000da8:	d013      	beq.n	10000dd2 <busy_wait_us+0x4a>
10000daa:	4b10      	ldr	r3, [pc, #64]	@ (10000dec <busy_wait_us+0x64>)
10000dac:	002a      	movs	r2, r5
10000dae:	6a5b      	ldr	r3, [r3, #36]	@ 0x24
10000db0:	429d      	cmp	r5, r3
10000db2:	d903      	bls.n	10000dbc <busy_wait_us+0x34>
10000db4:	490d      	ldr	r1, [pc, #52]	@ (10000dec <busy_wait_us+0x64>)
10000db6:	6a4b      	ldr	r3, [r1, #36]	@ 0x24
10000db8:	4293      	cmp	r3, r2
10000dba:	d3fc      	bcc.n	10000db6 <busy_wait_us+0x2e>
10000dbc:	4293      	cmp	r3, r2
10000dbe:	d107      	bne.n	10000dd0 <busy_wait_us+0x48>
10000dc0:	4a0a      	ldr	r2, [pc, #40]	@ (10000dec <busy_wait_us+0x64>)
10000dc2:	e002      	b.n	10000dca <busy_wait_us+0x42>
10000dc4:	6a51      	ldr	r1, [r2, #36]	@ 0x24
10000dc6:	4299      	cmp	r1, r3
10000dc8:	d102      	bne.n	10000dd0 <busy_wait_us+0x48>
10000dca:	6a91      	ldr	r1, [r2, #40]	@ 0x28
10000dcc:	42a1      	cmp	r1, r4
10000dce:	d3f9      	bcc.n	10000dc4 <busy_wait_us+0x3c>
10000dd0:	bd70      	pop	{r4, r5, r6, pc}
10000dd2:	42a6      	cmp	r6, r4
10000dd4:	d9e9      	bls.n	10000daa <busy_wait_us+0x22>
10000dd6:	4b05      	ldr	r3, [pc, #20]	@ (10000dec <busy_wait_us+0x64>)
10000dd8:	6a5b      	ldr	r3, [r3, #36]	@ 0x24
10000dda:	001c      	movs	r4, r3
10000ddc:	1c5a      	adds	r2, r3, #1
10000dde:	d0ef      	beq.n	10000dc0 <busy_wait_us+0x38>
10000de0:	2201      	movs	r2, #1
10000de2:	2401      	movs	r4, #1
10000de4:	4264      	negs	r4, r4
10000de6:	17e5      	asrs	r5, r4, #31
10000de8:	4252      	negs	r2, r2
10000dea:	e7e3      	b.n	10000db4 <busy_wait_us+0x2c>
10000dec:	40054000 	.word	0x40054000

10000df0 <uart_init>:
10000df0:	b5f8      	push	{r3, r4, r5, r6, r7, lr}
10000df2:	0004      	movs	r4, r0
10000df4:	2006      	movs	r0, #6
10000df6:	000d      	movs	r5, r1
10000df8:	f000 f978 	bl	100010ec <clock_get_hz>
10000dfc:	2800      	cmp	r0, #0
10000dfe:	d044      	beq.n	10000e8a <uart_init+0x9a>
10000e00:	4b37      	ldr	r3, [pc, #220]	@ (10000ee0 <uart_init+0xf0>)
10000e02:	4938      	ldr	r1, [pc, #224]	@ (10000ee4 <uart_init+0xf4>)
10000e04:	18e3      	adds	r3, r4, r3
10000e06:	1e5a      	subs	r2, r3, #1
10000e08:	4193      	sbcs	r3, r2
10000e0a:	2280      	movs	r2, #128	@ 0x80
10000e0c:	0412      	lsls	r2, r2, #16
10000e0e:	4694      	mov	ip, r2
10000e10:	425b      	negs	r3, r3
10000e12:	0d9b      	lsrs	r3, r3, #22
10000e14:	4a34      	ldr	r2, [pc, #208]	@ (10000ee8 <uart_init+0xf8>)
10000e16:	059b      	lsls	r3, r3, #22
10000e18:	4463      	add	r3, ip
10000e1a:	6013      	str	r3, [r2, #0]
10000e1c:	4a33      	ldr	r2, [pc, #204]	@ (10000eec <uart_init+0xfc>)
10000e1e:	6013      	str	r3, [r2, #0]
10000e20:	0018      	movs	r0, r3
10000e22:	680a      	ldr	r2, [r1, #0]
10000e24:	4390      	bics	r0, r2
10000e26:	d1fb      	bne.n	10000e20 <uart_init+0x30>
10000e28:	4b2d      	ldr	r3, [pc, #180]	@ (10000ee0 <uart_init+0xf0>)
10000e2a:	4a31      	ldr	r2, [pc, #196]	@ (10000ef0 <uart_init+0x100>)
10000e2c:	18e3      	adds	r3, r4, r3
10000e2e:	4259      	negs	r1, r3
10000e30:	414b      	adcs	r3, r1
10000e32:	2180      	movs	r1, #128	@ 0x80
10000e34:	005b      	lsls	r3, r3, #1
10000e36:	0049      	lsls	r1, r1, #1
10000e38:	2006      	movs	r0, #6
10000e3a:	5299      	strh	r1, [r3, r2]
10000e3c:	f000 f956 	bl	100010ec <clock_get_hz>
10000e40:	0029      	movs	r1, r5
10000e42:	00c0      	lsls	r0, r0, #3
10000e44:	f000 fad8 	bl	100013f8 <__wrap___aeabi_uidiv>
10000e48:	3001      	adds	r0, #1
10000e4a:	09c3      	lsrs	r3, r0, #7
10000e4c:	d11e      	bne.n	10000e8c <uart_init+0x9c>
10000e4e:	2740      	movs	r7, #64	@ 0x40
10000e50:	2201      	movs	r2, #1
10000e52:	6262      	str	r2, [r4, #36]	@ 0x24
10000e54:	62a3      	str	r3, [r4, #40]	@ 0x28
10000e56:	6b26      	ldr	r6, [r4, #48]	@ 0x30
10000e58:	07f3      	lsls	r3, r6, #31
10000e5a:	d422      	bmi.n	10000ea2 <uart_init+0xb2>
10000e5c:	6ae3      	ldr	r3, [r4, #44]	@ 0x2c
10000e5e:	4b25      	ldr	r3, [pc, #148]	@ (10000ef4 <uart_init+0x104>)
10000e60:	2006      	movs	r0, #6
10000e62:	18e5      	adds	r5, r4, r3
10000e64:	2300      	movs	r3, #0
10000e66:	602b      	str	r3, [r5, #0]
10000e68:	6326      	str	r6, [r4, #48]	@ 0x30
10000e6a:	f000 f93f 	bl	100010ec <clock_get_hz>
10000e6e:	0039      	movs	r1, r7
10000e70:	0080      	lsls	r0, r0, #2
10000e72:	f000 fac1 	bl	100013f8 <__wrap___aeabi_uidiv>
10000e76:	2370      	movs	r3, #112	@ 0x70
10000e78:	6ae2      	ldr	r2, [r4, #44]	@ 0x2c
10000e7a:	405a      	eors	r2, r3
10000e7c:	330e      	adds	r3, #14
10000e7e:	4013      	ands	r3, r2
10000e80:	602b      	str	r3, [r5, #0]
10000e82:	4b1d      	ldr	r3, [pc, #116]	@ (10000ef8 <uart_init+0x108>)
10000e84:	6323      	str	r3, [r4, #48]	@ 0x30
10000e86:	2303      	movs	r3, #3
10000e88:	64a3      	str	r3, [r4, #72]	@ 0x48
10000e8a:	bdf8      	pop	{r3, r4, r5, r6, r7, pc}
10000e8c:	4a1b      	ldr	r2, [pc, #108]	@ (10000efc <uart_init+0x10c>)
10000e8e:	4293      	cmp	r3, r2
10000e90:	d91e      	bls.n	10000ed0 <uart_init+0xe0>
10000e92:	2300      	movs	r3, #0
10000e94:	4a1a      	ldr	r2, [pc, #104]	@ (10000f00 <uart_init+0x110>)
10000e96:	4f1b      	ldr	r7, [pc, #108]	@ (10000f04 <uart_init+0x114>)
10000e98:	6262      	str	r2, [r4, #36]	@ 0x24
10000e9a:	62a3      	str	r3, [r4, #40]	@ 0x28
10000e9c:	6b26      	ldr	r6, [r4, #48]	@ 0x30
10000e9e:	07f3      	lsls	r3, r6, #31
10000ea0:	d5dc      	bpl.n	10000e5c <uart_init+0x6c>
10000ea2:	4b19      	ldr	r3, [pc, #100]	@ (10000f08 <uart_init+0x118>)
10000ea4:	4a14      	ldr	r2, [pc, #80]	@ (10000ef8 <uart_init+0x108>)
10000ea6:	18e3      	adds	r3, r4, r3
10000ea8:	601a      	str	r2, [r3, #0]
10000eaa:	6a65      	ldr	r5, [r4, #36]	@ 0x24
10000eac:	6aa3      	ldr	r3, [r4, #40]	@ 0x28
10000eae:	2006      	movs	r0, #6
10000eb0:	01ad      	lsls	r5, r5, #6
10000eb2:	18ed      	adds	r5, r5, r3
10000eb4:	f000 f91a 	bl	100010ec <clock_get_hz>
10000eb8:	4914      	ldr	r1, [pc, #80]	@ (10000f0c <uart_init+0x11c>)
10000eba:	f000 fa9d 	bl	100013f8 <__wrap___aeabi_uidiv>
10000ebe:	02ad      	lsls	r5, r5, #10
10000ec0:	0001      	movs	r1, r0
10000ec2:	0028      	movs	r0, r5
10000ec4:	f000 fa98 	bl	100013f8 <__wrap___aeabi_uidiv>
10000ec8:	2100      	movs	r1, #0
10000eca:	f7ff ff5d 	bl	10000d88 <busy_wait_us>
10000ece:	e7c5      	b.n	10000e5c <uart_init+0x6c>
10000ed0:	0640      	lsls	r0, r0, #25
10000ed2:	0e80      	lsrs	r0, r0, #26
10000ed4:	019f      	lsls	r7, r3, #6
10000ed6:	001a      	movs	r2, r3
10000ed8:	183f      	adds	r7, r7, r0
10000eda:	0003      	movs	r3, r0
10000edc:	e7b9      	b.n	10000e52 <uart_init+0x62>
10000ede:	46c0      	nop			@ (mov r8, r8)
10000ee0:	bffc8000 	.word	0xbffc8000
10000ee4:	4000c008 	.word	0x4000c008
10000ee8:	4000e000 	.word	0x4000e000
10000eec:	4000f000 	.word	0x4000f000
10000ef0:	200007d0 	.word	0x200007d0
10000ef4:	0000102c 	.word	0x0000102c
10000ef8:	00000301 	.word	0x00000301
10000efc:	0000fffe 	.word	0x0000fffe
10000f00:	0000ffff 	.word	0x0000ffff
10000f04:	003fffc0 	.word	0x003fffc0
10000f08:	00003030 	.word	0x00003030
10000f0c:	00000e4e 	.word	0x00000e4e

10000f10 <clock_configure_int_divider>:
10000f10:	b5f8      	push	{r3, r4, r5, r6, r7, lr}
10000f12:	46de      	mov	lr, fp
10000f14:	464e      	mov	r6, r9
10000f16:	4657      	mov	r7, sl
10000f18:	4645      	mov	r5, r8
10000f1a:	b5e0      	push	{r5, r6, r7, lr}
10000f1c:	468b      	mov	fp, r1
10000f1e:	0005      	movs	r5, r0
10000f20:	990a      	ldr	r1, [sp, #40]	@ 0x28
10000f22:	0018      	movs	r0, r3
10000f24:	0016      	movs	r6, r2
10000f26:	f000 fa67 	bl	100013f8 <__wrap___aeabi_uidiv>
10000f2a:	9b0a      	ldr	r3, [sp, #40]	@ 0x28
10000f2c:	006c      	lsls	r4, r5, #1
10000f2e:	021f      	lsls	r7, r3, #8
10000f30:	4b32      	ldr	r3, [pc, #200]	@ (10000ffc <clock_configure_int_divider+0xec>)
10000f32:	1964      	adds	r4, r4, r5
10000f34:	469c      	mov	ip, r3
10000f36:	00a4      	lsls	r4, r4, #2
10000f38:	4464      	add	r4, ip
10000f3a:	6863      	ldr	r3, [r4, #4]
10000f3c:	4681      	mov	r9, r0
10000f3e:	429f      	cmp	r7, r3
10000f40:	d900      	bls.n	10000f44 <clock_configure_int_divider+0x34>
10000f42:	6067      	str	r7, [r4, #4]
10000f44:	1f2b      	subs	r3, r5, #4
10000f46:	b2db      	uxtb	r3, r3
10000f48:	4698      	mov	r8, r3
10000f4a:	2b01      	cmp	r3, #1
10000f4c:	d930      	bls.n	10000fb0 <clock_configure_int_divider+0xa0>
10000f4e:	23c0      	movs	r3, #192	@ 0xc0
10000f50:	2280      	movs	r2, #128	@ 0x80
10000f52:	019b      	lsls	r3, r3, #6
10000f54:	18e3      	adds	r3, r4, r3
10000f56:	0112      	lsls	r2, r2, #4
10000f58:	601a      	str	r2, [r3, #0]
10000f5a:	4b29      	ldr	r3, [pc, #164]	@ (10001000 <clock_configure_int_divider+0xf0>)
10000f5c:	00ad      	lsls	r5, r5, #2
10000f5e:	5959      	ldr	r1, [r3, r5]
10000f60:	469a      	mov	sl, r3
10000f62:	2900      	cmp	r1, #0
10000f64:	d11b      	bne.n	10000f9e <clock_configure_int_divider+0x8e>
10000f66:	0173      	lsls	r3, r6, #5
10000f68:	26e0      	movs	r6, #224	@ 0xe0
10000f6a:	6822      	ldr	r2, [r4, #0]
10000f6c:	4053      	eors	r3, r2
10000f6e:	401e      	ands	r6, r3
10000f70:	2380      	movs	r3, #128	@ 0x80
10000f72:	4642      	mov	r2, r8
10000f74:	015b      	lsls	r3, r3, #5
10000f76:	18e3      	adds	r3, r4, r3
10000f78:	601e      	str	r6, [r3, #0]
10000f7a:	2a01      	cmp	r2, #1
10000f7c:	d930      	bls.n	10000fe0 <clock_configure_int_divider+0xd0>
10000f7e:	2380      	movs	r3, #128	@ 0x80
10000f80:	2280      	movs	r2, #128	@ 0x80
10000f82:	019b      	lsls	r3, r3, #6
10000f84:	18e3      	adds	r3, r4, r3
10000f86:	0112      	lsls	r2, r2, #4
10000f88:	601a      	str	r2, [r3, #0]
10000f8a:	4653      	mov	r3, sl
10000f8c:	464a      	mov	r2, r9
10000f8e:	6067      	str	r7, [r4, #4]
10000f90:	515a      	str	r2, [r3, r5]
10000f92:	bcf0      	pop	{r4, r5, r6, r7}
10000f94:	46bb      	mov	fp, r7
10000f96:	46b2      	mov	sl, r6
10000f98:	46a9      	mov	r9, r5
10000f9a:	46a0      	mov	r8, r4
10000f9c:	bdf8      	pop	{r3, r4, r5, r6, r7, pc}
10000f9e:	6958      	ldr	r0, [r3, #20]
10000fa0:	f000 fa2a 	bl	100013f8 <__wrap___aeabi_uidiv>
10000fa4:	3001      	adds	r0, #1
10000fa6:	0043      	lsls	r3, r0, #1
10000fa8:	181b      	adds	r3, r3, r0
10000faa:	3b03      	subs	r3, #3
10000fac:	d2fd      	bcs.n	10000faa <clock_configure_int_divider+0x9a>
10000fae:	e7da      	b.n	10000f66 <clock_configure_int_divider+0x56>
10000fb0:	465b      	mov	r3, fp
10000fb2:	2b01      	cmp	r3, #1
10000fb4:	d1cb      	bne.n	10000f4e <clock_configure_int_divider+0x3e>
10000fb6:	23c0      	movs	r3, #192	@ 0xc0
10000fb8:	2203      	movs	r2, #3
10000fba:	019b      	lsls	r3, r3, #6
10000fbc:	18e3      	adds	r3, r4, r3
10000fbe:	601a      	str	r2, [r3, #0]
10000fc0:	3a02      	subs	r2, #2
10000fc2:	68a3      	ldr	r3, [r4, #8]
10000fc4:	421a      	tst	r2, r3
10000fc6:	d0fc      	beq.n	10000fc2 <clock_configure_int_divider+0xb2>
10000fc8:	0173      	lsls	r3, r6, #5
10000fca:	26e0      	movs	r6, #224	@ 0xe0
10000fcc:	6822      	ldr	r2, [r4, #0]
10000fce:	00ad      	lsls	r5, r5, #2
10000fd0:	4053      	eors	r3, r2
10000fd2:	401e      	ands	r6, r3
10000fd4:	2380      	movs	r3, #128	@ 0x80
10000fd6:	4a0a      	ldr	r2, [pc, #40]	@ (10001000 <clock_configure_int_divider+0xf0>)
10000fd8:	015b      	lsls	r3, r3, #5
10000fda:	4692      	mov	sl, r2
10000fdc:	18e3      	adds	r3, r4, r3
10000fde:	601e      	str	r6, [r3, #0]
10000fe0:	465a      	mov	r2, fp
10000fe2:	6821      	ldr	r1, [r4, #0]
10000fe4:	4051      	eors	r1, r2
10000fe6:	2203      	movs	r2, #3
10000fe8:	400a      	ands	r2, r1
10000fea:	601a      	str	r2, [r3, #0]
10000fec:	2201      	movs	r2, #1
10000fee:	465b      	mov	r3, fp
10000ff0:	409a      	lsls	r2, r3
10000ff2:	68a3      	ldr	r3, [r4, #8]
10000ff4:	421a      	tst	r2, r3
10000ff6:	d0fc      	beq.n	10000ff2 <clock_configure_int_divider+0xe2>
10000ff8:	e7c1      	b.n	10000f7e <clock_configure_int_divider+0x6e>
10000ffa:	46c0      	nop			@ (mov r8, r8)
10000ffc:	40008000 	.word	0x40008000
10001000:	2000076c 	.word	0x2000076c

10001004 <clock_configure_undivided>:
10001004:	b5f0      	push	{r4, r5, r6, r7, lr}
10001006:	4646      	mov	r6, r8
10001008:	464f      	mov	r7, r9
1000100a:	46d6      	mov	lr, sl
1000100c:	b5c0      	push	{r6, r7, lr}
1000100e:	001f      	movs	r7, r3
10001010:	4b34      	ldr	r3, [pc, #208]	@ (100010e4 <clock_configure_undivided+0xe0>)
10001012:	0044      	lsls	r4, r0, #1
10001014:	469c      	mov	ip, r3
10001016:	1824      	adds	r4, r4, r0
10001018:	00a4      	lsls	r4, r4, #2
1000101a:	4464      	add	r4, ip
1000101c:	6863      	ldr	r3, [r4, #4]
1000101e:	4688      	mov	r8, r1
10001020:	0016      	movs	r6, r2
10001022:	2bff      	cmp	r3, #255	@ 0xff
10001024:	d802      	bhi.n	1000102c <clock_configure_undivided+0x28>
10001026:	2380      	movs	r3, #128	@ 0x80
10001028:	005b      	lsls	r3, r3, #1
1000102a:	6063      	str	r3, [r4, #4]
1000102c:	1f03      	subs	r3, r0, #4
1000102e:	b2db      	uxtb	r3, r3
10001030:	469a      	mov	sl, r3
10001032:	2b01      	cmp	r3, #1
10001034:	d930      	bls.n	10001098 <clock_configure_undivided+0x94>
10001036:	23c0      	movs	r3, #192	@ 0xc0
10001038:	2280      	movs	r2, #128	@ 0x80
1000103a:	019b      	lsls	r3, r3, #6
1000103c:	18e3      	adds	r3, r4, r3
1000103e:	0112      	lsls	r2, r2, #4
10001040:	601a      	str	r2, [r3, #0]
10001042:	4b29      	ldr	r3, [pc, #164]	@ (100010e8 <clock_configure_undivided+0xe4>)
10001044:	0085      	lsls	r5, r0, #2
10001046:	5959      	ldr	r1, [r3, r5]
10001048:	4699      	mov	r9, r3
1000104a:	2900      	cmp	r1, #0
1000104c:	d11b      	bne.n	10001086 <clock_configure_undivided+0x82>
1000104e:	0173      	lsls	r3, r6, #5
10001050:	26e0      	movs	r6, #224	@ 0xe0
10001052:	6822      	ldr	r2, [r4, #0]
10001054:	4053      	eors	r3, r2
10001056:	401e      	ands	r6, r3
10001058:	2380      	movs	r3, #128	@ 0x80
1000105a:	4652      	mov	r2, sl
1000105c:	015b      	lsls	r3, r3, #5
1000105e:	18e3      	adds	r3, r4, r3
10001060:	601e      	str	r6, [r3, #0]
10001062:	2a01      	cmp	r2, #1
10001064:	d930      	bls.n	100010c8 <clock_configure_undivided+0xc4>
10001066:	2380      	movs	r3, #128	@ 0x80
10001068:	2280      	movs	r2, #128	@ 0x80
1000106a:	019b      	lsls	r3, r3, #6
1000106c:	18e3      	adds	r3, r4, r3
1000106e:	0112      	lsls	r2, r2, #4
10001070:	601a      	str	r2, [r3, #0]
10001072:	2380      	movs	r3, #128	@ 0x80
10001074:	005b      	lsls	r3, r3, #1
10001076:	6063      	str	r3, [r4, #4]
10001078:	464b      	mov	r3, r9
1000107a:	515f      	str	r7, [r3, r5]
1000107c:	bce0      	pop	{r5, r6, r7}
1000107e:	46ba      	mov	sl, r7
10001080:	46b1      	mov	r9, r6
10001082:	46a8      	mov	r8, r5
10001084:	bdf0      	pop	{r4, r5, r6, r7, pc}
10001086:	6958      	ldr	r0, [r3, #20]
10001088:	f000 f9b6 	bl	100013f8 <__wrap___aeabi_uidiv>
1000108c:	3001      	adds	r0, #1
1000108e:	0043      	lsls	r3, r0, #1
10001090:	181b      	adds	r3, r3, r0
10001092:	3b03      	subs	r3, #3
10001094:	d2fd      	bcs.n	10001092 <clock_configure_undivided+0x8e>
10001096:	e7da      	b.n	1000104e <clock_configure_undivided+0x4a>
10001098:	4643      	mov	r3, r8
1000109a:	2b01      	cmp	r3, #1
1000109c:	d1cb      	bne.n	10001036 <clock_configure_undivided+0x32>
1000109e:	23c0      	movs	r3, #192	@ 0xc0
100010a0:	2203      	movs	r2, #3
100010a2:	019b      	lsls	r3, r3, #6
100010a4:	18e3      	adds	r3, r4, r3
100010a6:	601a      	str	r2, [r3, #0]
100010a8:	3a02      	subs	r2, #2
100010aa:	68a3      	ldr	r3, [r4, #8]
100010ac:	421a      	tst	r2, r3
100010ae:	d0fc      	beq.n	100010aa <clock_configure_undivided+0xa6>
100010b0:	0173      	lsls	r3, r6, #5
100010b2:	26e0      	movs	r6, #224	@ 0xe0
100010b4:	6822      	ldr	r2, [r4, #0]
100010b6:	0085      	lsls	r5, r0, #2
100010b8:	4053      	eors	r3, r2
100010ba:	401e      	ands	r6, r3
100010bc:	2380      	movs	r3, #128	@ 0x80
100010be:	4a0a      	ldr	r2, [pc, #40]	@ (100010e8 <clock_configure_undivided+0xe4>)
100010c0:	015b      	lsls	r3, r3, #5
100010c2:	4691      	mov	r9, r2
100010c4:	18e3      	adds	r3, r4, r3
100010c6:	601e      	str	r6, [r3, #0]
100010c8:	4642      	mov	r2, r8
100010ca:	6821      	ldr	r1, [r4, #0]
100010cc:	4051      	eors	r1, r2
100010ce:	2203      	movs	r2, #3
100010d0:	400a      	ands	r2, r1
100010d2:	601a      	str	r2, [r3, #0]
100010d4:	2301      	movs	r3, #1
100010d6:	4642      	mov	r2, r8
100010d8:	4093      	lsls	r3, r2
100010da:	68a2      	ldr	r2, [r4, #8]
100010dc:	4213      	tst	r3, r2
100010de:	d0fc      	beq.n	100010da <clock_configure_undivided+0xd6>
100010e0:	e7c1      	b.n	10001066 <clock_configure_undivided+0x62>
100010e2:	46c0      	nop			@ (mov r8, r8)
100010e4:	40008000 	.word	0x40008000
100010e8:	2000076c 	.word	0x2000076c

100010ec <clock_get_hz>:
100010ec:	4b01      	ldr	r3, [pc, #4]	@ (100010f4 <clock_get_hz+0x8>)
100010ee:	0080      	lsls	r0, r0, #2
100010f0:	58c0      	ldr	r0, [r0, r3]
100010f2:	4770      	bx	lr
100010f4:	2000076c 	.word	0x2000076c

100010f8 <pll_init>:
100010f8:	b5f8      	push	{r3, r4, r5, r6, r7, lr}
100010fa:	0004      	movs	r4, r0
100010fc:	4821      	ldr	r0, [pc, #132]	@ (10001184 <pll_init+0x8c>)
100010fe:	001e      	movs	r6, r3
10001100:	0017      	movs	r7, r2
10001102:	000d      	movs	r5, r1
10001104:	f000 f978 	bl	100013f8 <__wrap___aeabi_uidiv>
10001108:	0001      	movs	r1, r0
1000110a:	0038      	movs	r0, r7
1000110c:	f000 f974 	bl	100013f8 <__wrap___aeabi_uidiv>
10001110:	9b06      	ldr	r3, [sp, #24]
10001112:	0436      	lsls	r6, r6, #16
10001114:	031b      	lsls	r3, r3, #12
10001116:	431e      	orrs	r6, r3
10001118:	6823      	ldr	r3, [r4, #0]
1000111a:	2b00      	cmp	r3, #0
1000111c:	db20      	blt.n	10001160 <pll_init+0x68>
1000111e:	4b1a      	ldr	r3, [pc, #104]	@ (10001188 <pll_init+0x90>)
10001120:	491a      	ldr	r1, [pc, #104]	@ (1000118c <pll_init+0x94>)
10001122:	18e3      	adds	r3, r4, r3
10001124:	1e5a      	subs	r2, r3, #1
10001126:	4193      	sbcs	r3, r2
10001128:	2280      	movs	r2, #128	@ 0x80
1000112a:	0192      	lsls	r2, r2, #6
1000112c:	4694      	mov	ip, r2
1000112e:	425b      	negs	r3, r3
10001130:	0b1b      	lsrs	r3, r3, #12
10001132:	4a17      	ldr	r2, [pc, #92]	@ (10001190 <pll_init+0x98>)
10001134:	031b      	lsls	r3, r3, #12
10001136:	4463      	add	r3, ip
10001138:	6013      	str	r3, [r2, #0]
1000113a:	4a16      	ldr	r2, [pc, #88]	@ (10001194 <pll_init+0x9c>)
1000113c:	6013      	str	r3, [r2, #0]
1000113e:	001f      	movs	r7, r3
10001140:	680a      	ldr	r2, [r1, #0]
10001142:	4397      	bics	r7, r2
10001144:	d1fb      	bne.n	1000113e <pll_init+0x46>
10001146:	4b14      	ldr	r3, [pc, #80]	@ (10001198 <pll_init+0xa0>)
10001148:	6025      	str	r5, [r4, #0]
1000114a:	18e2      	adds	r2, r4, r3
1000114c:	2321      	movs	r3, #33	@ 0x21
1000114e:	60a0      	str	r0, [r4, #8]
10001150:	6013      	str	r3, [r2, #0]
10001152:	6823      	ldr	r3, [r4, #0]
10001154:	2b00      	cmp	r3, #0
10001156:	dafc      	bge.n	10001152 <pll_init+0x5a>
10001158:	2308      	movs	r3, #8
1000115a:	60e6      	str	r6, [r4, #12]
1000115c:	6013      	str	r3, [r2, #0]
1000115e:	bdf8      	pop	{r3, r4, r5, r6, r7, pc}
10001160:	233f      	movs	r3, #63	@ 0x3f
10001162:	6822      	ldr	r2, [r4, #0]
10001164:	4013      	ands	r3, r2
10001166:	42ab      	cmp	r3, r5
10001168:	d1d9      	bne.n	1000111e <pll_init+0x26>
1000116a:	68a3      	ldr	r3, [r4, #8]
1000116c:	051b      	lsls	r3, r3, #20
1000116e:	0d1b      	lsrs	r3, r3, #20
10001170:	4283      	cmp	r3, r0
10001172:	d1d4      	bne.n	1000111e <pll_init+0x26>
10001174:	22ee      	movs	r2, #238	@ 0xee
10001176:	68e3      	ldr	r3, [r4, #12]
10001178:	02d2      	lsls	r2, r2, #11
1000117a:	4013      	ands	r3, r2
1000117c:	42b3      	cmp	r3, r6
1000117e:	d1ce      	bne.n	1000111e <pll_init+0x26>
10001180:	e7ed      	b.n	1000115e <pll_init+0x66>
10001182:	46c0      	nop			@ (mov r8, r8)
10001184:	00b71b00 	.word	0x00b71b00
10001188:	bffd4000 	.word	0xbffd4000
1000118c:	4000c008 	.word	0x4000c008
10001190:	4000e000 	.word	0x4000e000
10001194:	4000f000 	.word	0x4000f000
10001198:	00003004 	.word	0x00003004

1000119c <tick_start>:
1000119c:	2380      	movs	r3, #128	@ 0x80
1000119e:	4a02      	ldr	r2, [pc, #8]	@ (100011a8 <tick_start+0xc>)
100011a0:	009b      	lsls	r3, r3, #2
100011a2:	430b      	orrs	r3, r1
100011a4:	62d3      	str	r3, [r2, #44]	@ 0x2c
100011a6:	4770      	bx	lr
100011a8:	40058000 	.word	0x40058000

100011ac <rom_func_lookup>:
100011ac:	2300      	movs	r3, #0
100011ae:	b510      	push	{r4, lr}
100011b0:	0001      	movs	r1, r0
100011b2:	8a98      	ldrh	r0, [r3, #20]
100011b4:	8b1b      	ldrh	r3, [r3, #24]
100011b6:	4798      	blx	r3
100011b8:	bd10      	pop	{r4, pc}
100011ba:	46c0      	nop			@ (mov r8, r8)

100011bc <rom_data_lookup>:
100011bc:	2316      	movs	r3, #22
100011be:	b510      	push	{r4, lr}
100011c0:	0001      	movs	r1, r0
100011c2:	8818      	ldrh	r0, [r3, #0]
100011c4:	3302      	adds	r3, #2
100011c6:	881b      	ldrh	r3, [r3, #0]
100011c8:	4798      	blx	r3
100011ca:	bd10      	pop	{r4, pc}

100011cc <rom_funcs_lookup>:
100011cc:	b5f8      	push	{r3, r4, r5, r6, r7, lr}
100011ce:	4647      	mov	r7, r8
100011d0:	46ce      	mov	lr, r9
100011d2:	b580      	push	{r7, lr}
100011d4:	1e0f      	subs	r7, r1, #0
100011d6:	d018      	beq.n	1000120a <rom_funcs_lookup+0x3e>
100011d8:	2314      	movs	r3, #20
100011da:	4699      	mov	r9, r3
100011dc:	3304      	adds	r3, #4
100011de:	0004      	movs	r4, r0
100011e0:	2500      	movs	r5, #0
100011e2:	2601      	movs	r6, #1
100011e4:	4698      	mov	r8, r3
100011e6:	464b      	mov	r3, r9
100011e8:	8818      	ldrh	r0, [r3, #0]
100011ea:	4643      	mov	r3, r8
100011ec:	6821      	ldr	r1, [r4, #0]
100011ee:	881b      	ldrh	r3, [r3, #0]
100011f0:	4798      	blx	r3
100011f2:	c401      	stmia	r4!, {r0}
100011f4:	1e43      	subs	r3, r0, #1
100011f6:	4198      	sbcs	r0, r3
100011f8:	3501      	adds	r5, #1
100011fa:	4006      	ands	r6, r0
100011fc:	42af      	cmp	r7, r5
100011fe:	d1f2      	bne.n	100011e6 <rom_funcs_lookup+0x1a>
10001200:	0030      	movs	r0, r6
10001202:	bcc0      	pop	{r6, r7}
10001204:	46b9      	mov	r9, r7
10001206:	46b0      	mov	r8, r6
10001208:	bdf8      	pop	{r3, r4, r5, r6, r7, pc}
1000120a:	2601      	movs	r6, #1
1000120c:	e7f8      	b.n	10001200 <rom_funcs_lookup+0x34>
1000120e:	46c0      	nop			@ (mov r8, r8)

10001210 <xosc_init>:
10001210:	23aa      	movs	r3, #170	@ 0xaa
10001212:	4a06      	ldr	r2, [pc, #24]	@ (1000122c <xosc_init+0x1c>)
10001214:	011b      	lsls	r3, r3, #4
10001216:	6013      	str	r3, [r2, #0]
10001218:	238d      	movs	r3, #141	@ 0x8d
1000121a:	005b      	lsls	r3, r3, #1
1000121c:	60d3      	str	r3, [r2, #12]
1000121e:	4904      	ldr	r1, [pc, #16]	@ (10001230 <xosc_init+0x20>)
10001220:	4b04      	ldr	r3, [pc, #16]	@ (10001234 <xosc_init+0x24>)
10001222:	6019      	str	r1, [r3, #0]
10001224:	6853      	ldr	r3, [r2, #4]
10001226:	2b00      	cmp	r3, #0
10001228:	dafc      	bge.n	10001224 <xosc_init+0x14>
1000122a:	4770      	bx	lr
1000122c:	40024000 	.word	0x40024000
10001230:	00fab000 	.word	0x00fab000
10001234:	40026000 	.word	0x40026000

10001238 <first_per_core_initializer>:
10001238:	4770      	bx	lr
1000123a:	46c0      	nop			@ (mov r8, r8)

1000123c <hard_assertion_failure>:
1000123c:	b510      	push	{r4, lr}
1000123e:	4801      	ldr	r0, [pc, #4]	@ (10001244 <hard_assertion_failure+0x8>)
10001240:	f7ff f852 	bl	100002e8 <panic>
10001244:	10001cfc 	.word	0x10001cfc

10001248 <runtime_run_initializers>:
10001248:	b570      	push	{r4, r5, r6, lr}
1000124a:	4d07      	ldr	r5, [pc, #28]	@ (10001268 <runtime_run_initializers+0x20>)
1000124c:	4e07      	ldr	r6, [pc, #28]	@ (1000126c <runtime_run_initializers+0x24>)
1000124e:	42b5      	cmp	r5, r6
10001250:	d209      	bcs.n	10001266 <runtime_run_initializers+0x1e>
10001252:	2400      	movs	r4, #0
10001254:	3e01      	subs	r6, #1
10001256:	1b76      	subs	r6, r6, r5
10001258:	08b6      	lsrs	r6, r6, #2
1000125a:	cd08      	ldmia	r5!, {r3}
1000125c:	4798      	blx	r3
1000125e:	0023      	movs	r3, r4
10001260:	3401      	adds	r4, #1
10001262:	42b3      	cmp	r3, r6
10001264:	d1f9      	bne.n	1000125a <runtime_run_initializers+0x12>
10001266:	bd70      	pop	{r4, r5, r6, pc}
10001268:	10001c80 	.word	0x10001c80
1000126c:	10001cbc 	.word	0x10001cbc

10001270 <runtime_init_early_resets>:
10001270:	4b05      	ldr	r3, [pc, #20]	@ (10001288 <runtime_init_early_resets+0x18>)
10001272:	4a06      	ldr	r2, [pc, #24]	@ (1000128c <runtime_init_early_resets+0x1c>)
10001274:	4906      	ldr	r1, [pc, #24]	@ (10001290 <runtime_init_early_resets+0x20>)
10001276:	601a      	str	r2, [r3, #0]
10001278:	4a06      	ldr	r2, [pc, #24]	@ (10001294 <runtime_init_early_resets+0x24>)
1000127a:	4b07      	ldr	r3, [pc, #28]	@ (10001298 <runtime_init_early_resets+0x28>)
1000127c:	601a      	str	r2, [r3, #0]
1000127e:	0010      	movs	r0, r2
10001280:	680b      	ldr	r3, [r1, #0]
10001282:	4398      	bics	r0, r3
10001284:	d1fb      	bne.n	1000127e <runtime_init_early_resets+0xe>
10001286:	4770      	bx	lr
10001288:	4000e000 	.word	0x4000e000
1000128c:	fefbcdbf 	.word	0xfefbcdbf
10001290:	4000c008 	.word	0x4000c008
10001294:	003c7ffe 	.word	0x003c7ffe
10001298:	4000f000 	.word	0x4000f000

1000129c <runtime_init_usb_power_down>:
1000129c:	4b04      	ldr	r3, [pc, #16]	@ (100012b0 <runtime_init_usb_power_down+0x14>)
1000129e:	6cdb      	ldr	r3, [r3, #76]	@ 0x4c
100012a0:	2b00      	cmp	r3, #0
100012a2:	d103      	bne.n	100012ac <runtime_init_usb_power_down+0x10>
100012a4:	2280      	movs	r2, #128	@ 0x80
100012a6:	4b03      	ldr	r3, [pc, #12]	@ (100012b4 <runtime_init_usb_power_down+0x18>)
100012a8:	02d2      	lsls	r2, r2, #11
100012aa:	601a      	str	r2, [r3, #0]
100012ac:	4770      	bx	lr
100012ae:	46c0      	nop			@ (mov r8, r8)
100012b0:	50110000 	.word	0x50110000
100012b4:	5011204c 	.word	0x5011204c

100012b8 <runtime_init_post_clock_resets>:
100012b8:	4a04      	ldr	r2, [pc, #16]	@ (100012cc <runtime_init_post_clock_resets+0x14>)
100012ba:	4b05      	ldr	r3, [pc, #20]	@ (100012d0 <runtime_init_post_clock_resets+0x18>)
100012bc:	601a      	str	r2, [r3, #0]
100012be:	4a05      	ldr	r2, [pc, #20]	@ (100012d4 <runtime_init_post_clock_resets+0x1c>)
100012c0:	6813      	ldr	r3, [r2, #0]
100012c2:	01db      	lsls	r3, r3, #7
100012c4:	3380      	adds	r3, #128	@ 0x80
100012c6:	d1fb      	bne.n	100012c0 <runtime_init_post_clock_resets+0x8>
100012c8:	4770      	bx	lr
100012ca:	46c0      	nop			@ (mov r8, r8)
100012cc:	01ffffff 	.word	0x01ffffff
100012d0:	4000f000 	.word	0x4000f000
100012d4:	4000c008 	.word	0x4000c008

100012d8 <runtime_init_rp2040_gpio_ie_disable>:
100012d8:	2240      	movs	r2, #64	@ 0x40
100012da:	4b03      	ldr	r3, [pc, #12]	@ (100012e8 <runtime_init_rp2040_gpio_ie_disable+0x10>)
100012dc:	679a      	str	r2, [r3, #120]	@ 0x78
100012de:	675a      	str	r2, [r3, #116]	@ 0x74
100012e0:	671a      	str	r2, [r3, #112]	@ 0x70
100012e2:	66da      	str	r2, [r3, #108]	@ 0x6c
100012e4:	4770      	bx	lr
100012e6:	46c0      	nop			@ (mov r8, r8)
100012e8:	4001f000 	.word	0x4001f000

100012ec <runtime_init_spin_locks_reset>:
100012ec:	b510      	push	{r4, lr}
100012ee:	f7ff f841 	bl	10000374 <spin_locks_reset>
100012f2:	bd10      	pop	{r4, pc}

100012f4 <runtime_init_install_ram_vector_table>:
100012f4:	b570      	push	{r4, r5, r6, lr}
100012f6:	4d04      	ldr	r5, [pc, #16]	@ (10001308 <runtime_init_install_ram_vector_table+0x14>)
100012f8:	4c04      	ldr	r4, [pc, #16]	@ (1000130c <runtime_init_install_ram_vector_table+0x18>)
100012fa:	68a9      	ldr	r1, [r5, #8]
100012fc:	22c0      	movs	r2, #192	@ 0xc0
100012fe:	0020      	movs	r0, r4
10001300:	f000 f958 	bl	100015b4 <__wrap___aeabi_memcpy>
10001304:	60ac      	str	r4, [r5, #8]
10001306:	bd70      	pop	{r4, r5, r6, pc}
10001308:	e000ed00 	.word	0xe000ed00
1000130c:	20000000 	.word	0x20000000

10001310 <runtime_init_clocks>:
10001310:	2300      	movs	r3, #0
10001312:	b510      	push	{r4, lr}
10001314:	4c29      	ldr	r4, [pc, #164]	@ (100013bc <runtime_init_clocks+0xac>)
10001316:	b082      	sub	sp, #8
10001318:	67a3      	str	r3, [r4, #120]	@ 0x78
1000131a:	f7ff ff79 	bl	10001210 <xosc_init>
1000131e:	2201      	movs	r2, #1
10001320:	4b27      	ldr	r3, [pc, #156]	@ (100013c0 <runtime_init_clocks+0xb0>)
10001322:	601a      	str	r2, [r3, #0]
10001324:	6c63      	ldr	r3, [r4, #68]	@ 0x44
10001326:	2b01      	cmp	r3, #1
10001328:	d1fc      	bne.n	10001324 <runtime_init_clocks+0x14>
1000132a:	2203      	movs	r2, #3
1000132c:	4b25      	ldr	r3, [pc, #148]	@ (100013c4 <runtime_init_clocks+0xb4>)
1000132e:	601a      	str	r2, [r3, #0]
10001330:	4a22      	ldr	r2, [pc, #136]	@ (100013bc <runtime_init_clocks+0xac>)
10001332:	6b93      	ldr	r3, [r2, #56]	@ 0x38
10001334:	2b01      	cmp	r3, #1
10001336:	d1fc      	bne.n	10001332 <runtime_init_clocks+0x22>
10001338:	3301      	adds	r3, #1
1000133a:	9300      	str	r3, [sp, #0]
1000133c:	2101      	movs	r1, #1
1000133e:	4a22      	ldr	r2, [pc, #136]	@ (100013c8 <runtime_init_clocks+0xb8>)
10001340:	4822      	ldr	r0, [pc, #136]	@ (100013cc <runtime_init_clocks+0xbc>)
10001342:	3304      	adds	r3, #4
10001344:	f7ff fed8 	bl	100010f8 <pll_init>
10001348:	2305      	movs	r3, #5
1000134a:	2101      	movs	r1, #1
1000134c:	9300      	str	r3, [sp, #0]
1000134e:	4a20      	ldr	r2, [pc, #128]	@ (100013d0 <runtime_init_clocks+0xc0>)
10001350:	4820      	ldr	r0, [pc, #128]	@ (100013d4 <runtime_init_clocks+0xc4>)
10001352:	f7ff fed1 	bl	100010f8 <pll_init>
10001356:	2200      	movs	r2, #0
10001358:	2102      	movs	r1, #2
1000135a:	2004      	movs	r0, #4
1000135c:	4b1e      	ldr	r3, [pc, #120]	@ (100013d8 <runtime_init_clocks+0xc8>)
1000135e:	f7ff fe51 	bl	10001004 <clock_configure_undivided>
10001362:	2200      	movs	r2, #0
10001364:	2101      	movs	r1, #1
10001366:	2005      	movs	r0, #5
10001368:	4b1c      	ldr	r3, [pc, #112]	@ (100013dc <runtime_init_clocks+0xcc>)
1000136a:	f7ff fe4b 	bl	10001004 <clock_configure_undivided>
1000136e:	2200      	movs	r2, #0
10001370:	2100      	movs	r1, #0
10001372:	2007      	movs	r0, #7
10001374:	4b1a      	ldr	r3, [pc, #104]	@ (100013e0 <runtime_init_clocks+0xd0>)
10001376:	f7ff fe45 	bl	10001004 <clock_configure_undivided>
1000137a:	2200      	movs	r2, #0
1000137c:	2100      	movs	r1, #0
1000137e:	2008      	movs	r0, #8
10001380:	4b17      	ldr	r3, [pc, #92]	@ (100013e0 <runtime_init_clocks+0xd0>)
10001382:	f7ff fe3f 	bl	10001004 <clock_configure_undivided>
10001386:	2380      	movs	r3, #128	@ 0x80
10001388:	00db      	lsls	r3, r3, #3
1000138a:	9300      	str	r3, [sp, #0]
1000138c:	2200      	movs	r2, #0
1000138e:	2100      	movs	r1, #0
10001390:	2009      	movs	r0, #9
10001392:	4b13      	ldr	r3, [pc, #76]	@ (100013e0 <runtime_init_clocks+0xd0>)
10001394:	f7ff fdbc 	bl	10000f10 <clock_configure_int_divider>
10001398:	2200      	movs	r2, #0
1000139a:	4b10      	ldr	r3, [pc, #64]	@ (100013dc <runtime_init_clocks+0xcc>)
1000139c:	2100      	movs	r1, #0
1000139e:	2006      	movs	r0, #6
100013a0:	f7ff fe30 	bl	10001004 <clock_configure_undivided>
100013a4:	2004      	movs	r0, #4
100013a6:	f7ff fea1 	bl	100010ec <clock_get_hz>
100013aa:	490e      	ldr	r1, [pc, #56]	@ (100013e4 <runtime_init_clocks+0xd4>)
100013ac:	f000 f824 	bl	100013f8 <__wrap___aeabi_uidiv>
100013b0:	0001      	movs	r1, r0
100013b2:	2000      	movs	r0, #0
100013b4:	f7ff fef2 	bl	1000119c <tick_start>
100013b8:	b002      	add	sp, #8
100013ba:	bd10      	pop	{r4, pc}
100013bc:	40008000 	.word	0x40008000
100013c0:	4000b03c 	.word	0x4000b03c
100013c4:	4000b030 	.word	0x4000b030
100013c8:	59682f00 	.word	0x59682f00
100013cc:	40028000 	.word	0x40028000
100013d0:	47868c00 	.word	0x47868c00
100013d4:	4002c000 	.word	0x4002c000
100013d8:	00b71b00 	.word	0x00b71b00
100013dc:	07735940 	.word	0x07735940
100013e0:	02dc6c00 	.word	0x02dc6c00
100013e4:	000f4240 	.word	0x000f4240

100013e8 <__aeabi_bits_init>:
100013e8:	4801      	ldr	r0, [pc, #4]	@ (100013f0 <__aeabi_bits_init+0x8>)
100013ea:	2104      	movs	r1, #4
100013ec:	4b01      	ldr	r3, [pc, #4]	@ (100013f4 <__aeabi_bits_init+0xc>)
100013ee:	4718      	bx	r3
100013f0:	20000200 	.word	0x20000200
100013f4:	100011cd 	.word	0x100011cd

100013f8 <__wrap___aeabi_uidiv>:
100013f8:	4a11      	ldr	r2, [pc, #68]	@ (10001440 <divmod_u32u32_savestate+0x18>)
100013fa:	6f93      	ldr	r3, [r2, #120]	@ 0x78
100013fc:	089b      	lsrs	r3, r3, #2
100013fe:	d213      	bcs.n	10001428 <divmod_u32u32_savestate>

10001400 <divmod_u32u32_unsafe>:
10001400:	6610      	str	r0, [r2, #96]	@ 0x60
10001402:	6651      	str	r1, [r2, #100]	@ 0x64
10001404:	2900      	cmp	r1, #0
10001406:	d005      	beq.n	10001414 <divmod_u32u32_unsafe+0x14>
10001408:	e7ff      	b.n	1000140a <divmod_u32u32_unsafe+0xa>
1000140a:	e7ff      	b.n	1000140c <divmod_u32u32_unsafe+0xc>
1000140c:	e7ff      	b.n	1000140e <divmod_u32u32_unsafe+0xe>
1000140e:	6f51      	ldr	r1, [r2, #116]	@ 0x74
10001410:	6f10      	ldr	r0, [r2, #112]	@ 0x70
10001412:	4770      	bx	lr
10001414:	b504      	push	{r2, lr}
10001416:	2800      	cmp	r0, #0
10001418:	d001      	beq.n	1000141e <divmod_u32u32_unsafe+0x1e>
1000141a:	2000      	movs	r0, #0
1000141c:	43c0      	mvns	r0, r0
1000141e:	f000 fc1f 	bl	10001c60 <____aeabi_idiv0_veneer>
10001422:	2100      	movs	r1, #0
10001424:	bd04      	pop	{r2, pc}
10001426:	46c0      	nop			@ (mov r8, r8)

10001428 <divmod_u32u32_savestate>:
10001428:	b5f0      	push	{r4, r5, r6, r7, lr}
1000142a:	6e14      	ldr	r4, [r2, #96]	@ 0x60
1000142c:	6e55      	ldr	r5, [r2, #100]	@ 0x64
1000142e:	6f57      	ldr	r7, [r2, #116]	@ 0x74
10001430:	6f16      	ldr	r6, [r2, #112]	@ 0x70
10001432:	f7ff ffe5 	bl	10001400 <divmod_u32u32_unsafe>
10001436:	6614      	str	r4, [r2, #96]	@ 0x60
10001438:	6655      	str	r5, [r2, #100]	@ 0x64
1000143a:	6757      	str	r7, [r2, #116]	@ 0x74
1000143c:	6716      	str	r6, [r2, #112]	@ 0x70
1000143e:	bdf0      	pop	{r4, r5, r6, r7, pc}
10001440:	d0000000 	.word	0xd0000000

10001444 <__aeabi_double_init>:
10001444:	2313      	movs	r3, #19
10001446:	b570      	push	{r4, r5, r6, lr}
10001448:	781d      	ldrb	r5, [r3, #0]
1000144a:	2d01      	cmp	r5, #1
1000144c:	d019      	beq.n	10001482 <__aeabi_double_init+0x3e>
1000144e:	dd14      	ble.n	1000147a <__aeabi_double_init+0x36>
10001450:	481f      	ldr	r0, [pc, #124]	@ (100014d0 <__aeabi_double_init+0x8c>)
10001452:	f7ff feb3 	bl	100011bc <rom_data_lookup>
10001456:	0006      	movs	r6, r0
10001458:	481e      	ldr	r0, [pc, #120]	@ (100014d4 <__aeabi_double_init+0x90>)
1000145a:	f7ff feaf 	bl	100011bc <rom_data_lookup>
1000145e:	4c1e      	ldr	r4, [pc, #120]	@ (100014d8 <__aeabi_double_init+0x94>)
10001460:	2280      	movs	r2, #128	@ 0x80
10001462:	0031      	movs	r1, r6
10001464:	0020      	movs	r0, r4
10001466:	f000 f8a5 	bl	100015b4 <__wrap___aeabi_memcpy>
1000146a:	2d02      	cmp	r5, #2
1000146c:	d02d      	beq.n	100014ca <__aeabi_double_init+0x86>
1000146e:	481b      	ldr	r0, [pc, #108]	@ (100014dc <__aeabi_double_init+0x98>)
10001470:	f7ff fe9c 	bl	100011ac <rom_func_lookup>
10001474:	4b1a      	ldr	r3, [pc, #104]	@ (100014e0 <__aeabi_double_init+0x9c>)
10001476:	6018      	str	r0, [r3, #0]
10001478:	bd70      	pop	{r4, r5, r6, pc}
1000147a:	4b1a      	ldr	r3, [pc, #104]	@ (100014e4 <__aeabi_double_init+0xa0>)
1000147c:	4c16      	ldr	r4, [pc, #88]	@ (100014d8 <__aeabi_double_init+0x94>)
1000147e:	64a3      	str	r3, [r4, #72]	@ 0x48
10001480:	e7f5      	b.n	1000146e <__aeabi_double_init+0x2a>
10001482:	4b18      	ldr	r3, [pc, #96]	@ (100014e4 <__aeabi_double_init+0xa0>)
10001484:	4c14      	ldr	r4, [pc, #80]	@ (100014d8 <__aeabi_double_init+0x94>)
10001486:	6023      	str	r3, [r4, #0]
10001488:	6063      	str	r3, [r4, #4]
1000148a:	60a3      	str	r3, [r4, #8]
1000148c:	60e3      	str	r3, [r4, #12]
1000148e:	6123      	str	r3, [r4, #16]
10001490:	6163      	str	r3, [r4, #20]
10001492:	61a3      	str	r3, [r4, #24]
10001494:	61e3      	str	r3, [r4, #28]
10001496:	6223      	str	r3, [r4, #32]
10001498:	6263      	str	r3, [r4, #36]	@ 0x24
1000149a:	62a3      	str	r3, [r4, #40]	@ 0x28
1000149c:	62e3      	str	r3, [r4, #44]	@ 0x2c
1000149e:	6323      	str	r3, [r4, #48]	@ 0x30
100014a0:	6363      	str	r3, [r4, #52]	@ 0x34
100014a2:	63a3      	str	r3, [r4, #56]	@ 0x38
100014a4:	63e3      	str	r3, [r4, #60]	@ 0x3c
100014a6:	6423      	str	r3, [r4, #64]	@ 0x40
100014a8:	6463      	str	r3, [r4, #68]	@ 0x44
100014aa:	64a3      	str	r3, [r4, #72]	@ 0x48
100014ac:	64e3      	str	r3, [r4, #76]	@ 0x4c
100014ae:	6523      	str	r3, [r4, #80]	@ 0x50
100014b0:	6563      	str	r3, [r4, #84]	@ 0x54
100014b2:	65a3      	str	r3, [r4, #88]	@ 0x58
100014b4:	65e3      	str	r3, [r4, #92]	@ 0x5c
100014b6:	6623      	str	r3, [r4, #96]	@ 0x60
100014b8:	6663      	str	r3, [r4, #100]	@ 0x64
100014ba:	66a3      	str	r3, [r4, #104]	@ 0x68
100014bc:	66e3      	str	r3, [r4, #108]	@ 0x6c
100014be:	6723      	str	r3, [r4, #112]	@ 0x70
100014c0:	6763      	str	r3, [r4, #116]	@ 0x74
100014c2:	67a3      	str	r3, [r4, #120]	@ 0x78
100014c4:	67e3      	str	r3, [r4, #124]	@ 0x7c
100014c6:	64a3      	str	r3, [r4, #72]	@ 0x48
100014c8:	e7d1      	b.n	1000146e <__aeabi_double_init+0x2a>
100014ca:	4b06      	ldr	r3, [pc, #24]	@ (100014e4 <__aeabi_double_init+0xa0>)
100014cc:	64a3      	str	r3, [r4, #72]	@ 0x48
100014ce:	e7ce      	b.n	1000146e <__aeabi_double_init+0x2a>
100014d0:	00004453 	.word	0x00004453
100014d4:	00004653 	.word	0x00004653
100014d8:	200003c8 	.word	0x200003c8
100014dc:	0000334c 	.word	0x0000334c
100014e0:	200007c8 	.word	0x200007c8
100014e4:	100014e9 	.word	0x100014e9

100014e8 <double_table_shim_on_use_helper>:
100014e8:	b507      	push	{r0, r1, r2, lr}
100014ea:	4660      	mov	r0, ip
100014ec:	8801      	ldrh	r1, [r0, #0]
100014ee:	0a0a      	lsrs	r2, r1, #8
100014f0:	3002      	adds	r0, #2
100014f2:	2adf      	cmp	r2, #223	@ 0xdf
100014f4:	d1fa      	bne.n	100014ec <double_table_shim_on_use_helper+0x4>
100014f6:	b2c9      	uxtb	r1, r1
100014f8:	0882      	lsrs	r2, r0, #2
100014fa:	d304      	bcc.n	10001506 <double_table_shim_on_use_helper+0x1e>
100014fc:	8802      	ldrh	r2, [r0, #0]
100014fe:	8840      	ldrh	r0, [r0, #2]
10001500:	0400      	lsls	r0, r0, #16
10001502:	4310      	orrs	r0, r2
10001504:	e000      	b.n	10001508 <double_table_shim_on_use_helper+0x20>
10001506:	6800      	ldr	r0, [r0, #0]
10001508:	4a01      	ldr	r2, [pc, #4]	@ (10001510 <double_table_shim_on_use_helper+0x28>)
1000150a:	5050      	str	r0, [r2, r1]
1000150c:	9003      	str	r0, [sp, #12]
1000150e:	bd07      	pop	{r0, r1, r2, pc}
10001510:	200003c8 	.word	0x200003c8

10001514 <__aeabi_float_init>:
10001514:	2313      	movs	r3, #19
10001516:	b510      	push	{r4, lr}
10001518:	4812      	ldr	r0, [pc, #72]	@ (10001564 <__aeabi_float_init+0x50>)
1000151a:	781c      	ldrb	r4, [r3, #0]
1000151c:	f7ff fe4e 	bl	100011bc <rom_data_lookup>
10001520:	0001      	movs	r1, r0
10001522:	2c01      	cmp	r4, #1
10001524:	d00a      	beq.n	1000153c <__aeabi_float_init+0x28>
10001526:	dd03      	ble.n	10001530 <__aeabi_float_init+0x1c>
10001528:	2280      	movs	r2, #128	@ 0x80
1000152a:	480f      	ldr	r0, [pc, #60]	@ (10001568 <__aeabi_float_init+0x54>)
1000152c:	f000 f842 	bl	100015b4 <__wrap___aeabi_memcpy>
10001530:	480e      	ldr	r0, [pc, #56]	@ (1000156c <__aeabi_float_init+0x58>)
10001532:	f7ff fe3b 	bl	100011ac <rom_func_lookup>
10001536:	4b0e      	ldr	r3, [pc, #56]	@ (10001570 <__aeabi_float_init+0x5c>)
10001538:	6018      	str	r0, [r3, #0]
1000153a:	bd10      	pop	{r4, pc}
1000153c:	4c0a      	ldr	r4, [pc, #40]	@ (10001568 <__aeabi_float_init+0x54>)
1000153e:	2254      	movs	r2, #84	@ 0x54
10001540:	0020      	movs	r0, r4
10001542:	f000 f837 	bl	100015b4 <__wrap___aeabi_memcpy>
10001546:	4b0b      	ldr	r3, [pc, #44]	@ (10001574 <__aeabi_float_init+0x60>)
10001548:	6563      	str	r3, [r4, #84]	@ 0x54
1000154a:	65a3      	str	r3, [r4, #88]	@ 0x58
1000154c:	65e3      	str	r3, [r4, #92]	@ 0x5c
1000154e:	6623      	str	r3, [r4, #96]	@ 0x60
10001550:	6663      	str	r3, [r4, #100]	@ 0x64
10001552:	66a3      	str	r3, [r4, #104]	@ 0x68
10001554:	66e3      	str	r3, [r4, #108]	@ 0x6c
10001556:	6723      	str	r3, [r4, #112]	@ 0x70
10001558:	6763      	str	r3, [r4, #116]	@ 0x74
1000155a:	67a3      	str	r3, [r4, #120]	@ 0x78
1000155c:	67e3      	str	r3, [r4, #124]	@ 0x7c
1000155e:	6223      	str	r3, [r4, #32]
10001560:	61e3      	str	r3, [r4, #28]
10001562:	e7e5      	b.n	10001530 <__aeabi_float_init+0x1c>
10001564:	00004653 	.word	0x00004653
10001568:	200004c8 	.word	0x200004c8
1000156c:	0000334c 	.word	0x0000334c
10001570:	200007c8 	.word	0x200007c8
10001574:	10001579 	.word	0x10001579

10001578 <float_table_shim_on_use_helper>:
10001578:	b507      	push	{r0, r1, r2, lr}
1000157a:	4660      	mov	r0, ip
1000157c:	8801      	ldrh	r1, [r0, #0]
1000157e:	0a0a      	lsrs	r2, r1, #8
10001580:	3002      	adds	r0, #2
10001582:	2adf      	cmp	r2, #223	@ 0xdf
10001584:	d1fa      	bne.n	1000157c <float_table_shim_on_use_helper+0x4>
10001586:	b2c9      	uxtb	r1, r1
10001588:	0882      	lsrs	r2, r0, #2
1000158a:	d304      	bcc.n	10001596 <float_table_shim_on_use_helper+0x1e>
1000158c:	8802      	ldrh	r2, [r0, #0]
1000158e:	8840      	ldrh	r0, [r0, #2]
10001590:	0400      	lsls	r0, r0, #16
10001592:	4310      	orrs	r0, r2
10001594:	e000      	b.n	10001598 <float_table_shim_on_use_helper+0x20>
10001596:	6800      	ldr	r0, [r0, #0]
10001598:	4a01      	ldr	r2, [pc, #4]	@ (100015a0 <float_table_shim_on_use_helper+0x28>)
1000159a:	5050      	str	r0, [r2, r1]
1000159c:	9003      	str	r0, [sp, #12]
1000159e:	bd07      	pop	{r0, r1, r2, pc}
100015a0:	200004c8 	.word	0x200004c8

100015a4 <__aeabi_mem_init>:
100015a4:	4801      	ldr	r0, [pc, #4]	@ (100015ac <__aeabi_mem_init+0x8>)
100015a6:	2104      	movs	r1, #4
100015a8:	4b01      	ldr	r3, [pc, #4]	@ (100015b0 <__aeabi_mem_init+0xc>)
100015aa:	4718      	bx	r3
100015ac:	20000210 	.word	0x20000210
100015b0:	100011cd 	.word	0x100011cd

100015b4 <__wrap___aeabi_memcpy>:
100015b4:	4b01      	ldr	r3, [pc, #4]	@ (100015bc <__wrap___aeabi_memcpy+0x8>)
100015b6:	685b      	ldr	r3, [r3, #4]
100015b8:	4718      	bx	r3
100015ba:	0000      	.short	0x0000
100015bc:	20000210 	.word	0x20000210

100015c0 <_out_char>:
100015c0:	b510      	push	{r4, lr}
100015c2:	2800      	cmp	r0, #0
100015c4:	d100      	bne.n	100015c8 <_out_char+0x8>
100015c6:	bd10      	pop	{r4, pc}
100015c8:	f000 f932 	bl	10001830 <__wrap_putchar>
100015cc:	e7fb      	b.n	100015c6 <_out_char+0x6>
100015ce:	46c0      	nop			@ (mov r8, r8)

100015d0 <weak_raw_vprintf>:
100015d0:	b510      	push	{r4, lr}
100015d2:	4a09      	ldr	r2, [pc, #36]	@ (100015f8 <weak_raw_vprintf+0x28>)
100015d4:	0003      	movs	r3, r0
100015d6:	6814      	ldr	r4, [r2, #0]
100015d8:	b084      	sub	sp, #16
100015da:	2c00      	cmp	r4, #0
100015dc:	d008      	beq.n	100015f0 <weak_raw_vprintf+0x20>
100015de:	2201      	movs	r2, #1
100015e0:	9100      	str	r1, [sp, #0]
100015e2:	4806      	ldr	r0, [pc, #24]	@ (100015fc <weak_raw_vprintf+0x2c>)
100015e4:	4252      	negs	r2, r2
100015e6:	a903      	add	r1, sp, #12
100015e8:	47a0      	blx	r4
100015ea:	2001      	movs	r0, #1
100015ec:	b004      	add	sp, #16
100015ee:	bd10      	pop	{r4, pc}
100015f0:	f000 f968 	bl	100018c4 <__wrap_puts>
100015f4:	2000      	movs	r0, #0
100015f6:	e7f9      	b.n	100015ec <weak_raw_vprintf+0x1c>
100015f8:	2000079c 	.word	0x2000079c
100015fc:	100015c1 	.word	0x100015c1

10001600 <_exit>:
10001600:	be00      	bkpt	0x0000
10001602:	e7fd      	b.n	10001600 <_exit>

10001604 <exit>:
10001604:	b510      	push	{r4, lr}
10001606:	f7ff fffb 	bl	10001600 <_exit>
1000160a:	46c0      	nop			@ (mov r8, r8)

1000160c <runtime_init>:
1000160c:	b570      	push	{r4, r5, r6, lr}
1000160e:	f7ff fe1b 	bl	10001248 <runtime_run_initializers>
10001612:	4d07      	ldr	r5, [pc, #28]	@ (10001630 <runtime_init+0x24>)
10001614:	4e07      	ldr	r6, [pc, #28]	@ (10001634 <runtime_init+0x28>)
10001616:	42b5      	cmp	r5, r6
10001618:	d209      	bcs.n	1000162e <runtime_init+0x22>
1000161a:	2400      	movs	r4, #0
1000161c:	3e01      	subs	r6, #1
1000161e:	1b76      	subs	r6, r6, r5
10001620:	08b6      	lsrs	r6, r6, #2
10001622:	cd08      	ldmia	r5!, {r3}
10001624:	4798      	blx	r3
10001626:	0023      	movs	r3, r4
10001628:	3401      	adds	r4, #1
1000162a:	42b3      	cmp	r3, r6
1000162c:	d1f9      	bne.n	10001622 <runtime_init+0x16>
1000162e:	bd70      	pop	{r4, r5, r6, pc}
10001630:	10001cbc 	.word	0x10001cbc
10001634:	10001cc4 	.word	0x10001cc4

10001638 <stdio_out_chars_no_crlf>:
10001638:	0003      	movs	r3, r0
1000163a:	b510      	push	{r4, lr}
1000163c:	0008      	movs	r0, r1
1000163e:	0011      	movs	r1, r2
10001640:	681b      	ldr	r3, [r3, #0]
10001642:	4798      	blx	r3
10001644:	bd10      	pop	{r4, pc}
10001646:	46c0      	nop			@ (mov r8, r8)

10001648 <stdio_out_chars_crlf>:
10001648:	b5f0      	push	{r4, r5, r6, r7, lr}
1000164a:	46c6      	mov	lr, r8
1000164c:	b500      	push	{lr}
1000164e:	7d43      	ldrb	r3, [r0, #21]
10001650:	0007      	movs	r7, r0
10001652:	000c      	movs	r4, r1
10001654:	0016      	movs	r6, r2
10001656:	2b00      	cmp	r3, #0
10001658:	d046      	beq.n	100016e8 <stdio_out_chars_crlf+0xa0>
1000165a:	2a00      	cmp	r2, #0
1000165c:	dd17      	ble.n	1000168e <stdio_out_chars_crlf+0x46>
1000165e:	780b      	ldrb	r3, [r1, #0]
10001660:	2b0a      	cmp	r3, #10
10001662:	d024      	beq.n	100016ae <stdio_out_chars_crlf+0x66>
10001664:	2300      	movs	r3, #0
10001666:	4698      	mov	r8, r3
10001668:	2e01      	cmp	r6, #1
1000166a:	d013      	beq.n	10001694 <stdio_out_chars_crlf+0x4c>
1000166c:	2501      	movs	r5, #1
1000166e:	0029      	movs	r1, r5
10001670:	5c63      	ldrb	r3, [r4, r1]
10001672:	3501      	adds	r5, #1
10001674:	2b0a      	cmp	r3, #10
10001676:	d026      	beq.n	100016c6 <stdio_out_chars_crlf+0x7e>
10001678:	42b5      	cmp	r5, r6
1000167a:	d1f8      	bne.n	1000166e <stdio_out_chars_crlf+0x26>
1000167c:	4546      	cmp	r6, r8
1000167e:	dc09      	bgt.n	10001694 <stdio_out_chars_crlf+0x4c>
10001680:	19a4      	adds	r4, r4, r6
10001682:	3c01      	subs	r4, #1
10001684:	7823      	ldrb	r3, [r4, #0]
10001686:	3b0d      	subs	r3, #13
10001688:	425a      	negs	r2, r3
1000168a:	4153      	adcs	r3, r2
1000168c:	753b      	strb	r3, [r7, #20]
1000168e:	bc80      	pop	{r7}
10001690:	46b8      	mov	r8, r7
10001692:	bdf0      	pop	{r4, r5, r6, r7, pc}
10001694:	4643      	mov	r3, r8
10001696:	18e0      	adds	r0, r4, r3
10001698:	19a4      	adds	r4, r4, r6
1000169a:	1af1      	subs	r1, r6, r3
1000169c:	3c01      	subs	r4, #1
1000169e:	683b      	ldr	r3, [r7, #0]
100016a0:	4798      	blx	r3
100016a2:	7823      	ldrb	r3, [r4, #0]
100016a4:	3b0d      	subs	r3, #13
100016a6:	425a      	negs	r2, r3
100016a8:	4153      	adcs	r3, r2
100016aa:	753b      	strb	r3, [r7, #20]
100016ac:	e7ef      	b.n	1000168e <stdio_out_chars_crlf+0x46>
100016ae:	7d03      	ldrb	r3, [r0, #20]
100016b0:	2b00      	cmp	r3, #0
100016b2:	d1d7      	bne.n	10001664 <stdio_out_chars_crlf+0x1c>
100016b4:	2102      	movs	r1, #2
100016b6:	480f      	ldr	r0, [pc, #60]	@ (100016f4 <stdio_out_chars_crlf+0xac>)
100016b8:	683b      	ldr	r3, [r7, #0]
100016ba:	4798      	blx	r3
100016bc:	2e01      	cmp	r6, #1
100016be:	d0df      	beq.n	10001680 <stdio_out_chars_crlf+0x38>
100016c0:	2301      	movs	r3, #1
100016c2:	4698      	mov	r8, r3
100016c4:	e7d2      	b.n	1000166c <stdio_out_chars_crlf+0x24>
100016c6:	1e63      	subs	r3, r4, #1
100016c8:	5c5b      	ldrb	r3, [r3, r1]
100016ca:	2b0d      	cmp	r3, #13
100016cc:	d0d4      	beq.n	10001678 <stdio_out_chars_crlf+0x30>
100016ce:	4588      	cmp	r8, r1
100016d0:	da04      	bge.n	100016dc <stdio_out_chars_crlf+0x94>
100016d2:	4643      	mov	r3, r8
100016d4:	1ac9      	subs	r1, r1, r3
100016d6:	18e0      	adds	r0, r4, r3
100016d8:	683b      	ldr	r3, [r7, #0]
100016da:	4798      	blx	r3
100016dc:	2102      	movs	r1, #2
100016de:	4805      	ldr	r0, [pc, #20]	@ (100016f4 <stdio_out_chars_crlf+0xac>)
100016e0:	683b      	ldr	r3, [r7, #0]
100016e2:	46a8      	mov	r8, r5
100016e4:	4798      	blx	r3
100016e6:	e7c7      	b.n	10001678 <stdio_out_chars_crlf+0x30>
100016e8:	6803      	ldr	r3, [r0, #0]
100016ea:	0011      	movs	r1, r2
100016ec:	0020      	movs	r0, r4
100016ee:	4798      	blx	r3
100016f0:	e7cd      	b.n	1000168e <stdio_out_chars_crlf+0x46>
100016f2:	46c0      	nop			@ (mov r8, r8)
100016f4:	10001dc4 	.word	0x10001dc4

100016f8 <stdio_put_string>:
100016f8:	b5f0      	push	{r4, r5, r6, r7, lr}
100016fa:	4645      	mov	r5, r8
100016fc:	46de      	mov	lr, fp
100016fe:	464e      	mov	r6, r9
10001700:	4657      	mov	r7, sl
10001702:	b5e0      	push	{r5, r6, r7, lr}
10001704:	b083      	sub	sp, #12
10001706:	4691      	mov	r9, r2
10001708:	001c      	movs	r4, r3
1000170a:	4680      	mov	r8, r0
1000170c:	000d      	movs	r5, r1
1000170e:	f7ff fb31 	bl	10000d74 <time_us_64>
10001712:	2300      	movs	r3, #0
10001714:	4a30      	ldr	r2, [pc, #192]	@ (100017d8 <stdio_put_string+0xe0>)
10001716:	1812      	adds	r2, r2, r0
10001718:	414b      	adcs	r3, r1
1000171a:	2b00      	cmp	r3, #0
1000171c:	da02      	bge.n	10001724 <stdio_put_string+0x2c>
1000171e:	2201      	movs	r2, #1
10001720:	4b2e      	ldr	r3, [pc, #184]	@ (100017dc <stdio_put_string+0xe4>)
10001722:	4252      	negs	r2, r2
10001724:	492e      	ldr	r1, [pc, #184]	@ (100017e0 <stdio_put_string+0xe8>)
10001726:	0008      	movs	r0, r1
10001728:	468a      	mov	sl, r1
1000172a:	f000 faa1 	bl	10001c70 <__mutex_try_enter_block_until_veneer>
1000172e:	0007      	movs	r7, r0
10001730:	1c6b      	adds	r3, r5, #1
10001732:	d103      	bne.n	1000173c <stdio_put_string+0x44>
10001734:	4640      	mov	r0, r8
10001736:	f000 f9f9 	bl	10001b2c <strlen>
1000173a:	0005      	movs	r5, r0
1000173c:	2c00      	cmp	r4, #0
1000173e:	d027      	beq.n	10001790 <stdio_put_string+0x98>
10001740:	4e28      	ldr	r6, [pc, #160]	@ (100017e4 <stdio_put_string+0xec>)
10001742:	4b29      	ldr	r3, [pc, #164]	@ (100017e8 <stdio_put_string+0xf0>)
10001744:	681c      	ldr	r4, [r3, #0]
10001746:	2c00      	cmp	r4, #0
10001748:	d018      	beq.n	1000177c <stdio_put_string+0x84>
1000174a:	464b      	mov	r3, r9
1000174c:	2b00      	cmp	r3, #0
1000174e:	d121      	bne.n	10001794 <stdio_put_string+0x9c>
10001750:	4b26      	ldr	r3, [pc, #152]	@ (100017ec <stdio_put_string+0xf4>)
10001752:	4699      	mov	r9, r3
10001754:	e002      	b.n	1000175c <stdio_put_string+0x64>
10001756:	6924      	ldr	r4, [r4, #16]
10001758:	2c00      	cmp	r4, #0
1000175a:	d00f      	beq.n	1000177c <stdio_put_string+0x84>
1000175c:	6823      	ldr	r3, [r4, #0]
1000175e:	2b00      	cmp	r3, #0
10001760:	d0f9      	beq.n	10001756 <stdio_put_string+0x5e>
10001762:	464b      	mov	r3, r9
10001764:	681b      	ldr	r3, [r3, #0]
10001766:	2b00      	cmp	r3, #0
10001768:	d001      	beq.n	1000176e <stdio_put_string+0x76>
1000176a:	429c      	cmp	r4, r3
1000176c:	d1f3      	bne.n	10001756 <stdio_put_string+0x5e>
1000176e:	0020      	movs	r0, r4
10001770:	002a      	movs	r2, r5
10001772:	4641      	mov	r1, r8
10001774:	47b0      	blx	r6
10001776:	6924      	ldr	r4, [r4, #16]
10001778:	2c00      	cmp	r4, #0
1000177a:	d1ef      	bne.n	1000175c <stdio_put_string+0x64>
1000177c:	2f00      	cmp	r7, #0
1000177e:	d126      	bne.n	100017ce <stdio_put_string+0xd6>
10001780:	0028      	movs	r0, r5
10001782:	b003      	add	sp, #12
10001784:	bcf0      	pop	{r4, r5, r6, r7}
10001786:	46bb      	mov	fp, r7
10001788:	46b2      	mov	sl, r6
1000178a:	46a9      	mov	r9, r5
1000178c:	46a0      	mov	r8, r4
1000178e:	bdf0      	pop	{r4, r5, r6, r7, pc}
10001790:	4e17      	ldr	r6, [pc, #92]	@ (100017f0 <stdio_put_string+0xf8>)
10001792:	e7d6      	b.n	10001742 <stdio_put_string+0x4a>
10001794:	4b15      	ldr	r3, [pc, #84]	@ (100017ec <stdio_put_string+0xf4>)
10001796:	4699      	mov	r9, r3
10001798:	230a      	movs	r3, #10
1000179a:	469b      	mov	fp, r3
1000179c:	e002      	b.n	100017a4 <stdio_put_string+0xac>
1000179e:	6924      	ldr	r4, [r4, #16]
100017a0:	2c00      	cmp	r4, #0
100017a2:	d0eb      	beq.n	1000177c <stdio_put_string+0x84>
100017a4:	6823      	ldr	r3, [r4, #0]
100017a6:	2b00      	cmp	r3, #0
100017a8:	d0f9      	beq.n	1000179e <stdio_put_string+0xa6>
100017aa:	464b      	mov	r3, r9
100017ac:	681b      	ldr	r3, [r3, #0]
100017ae:	2b00      	cmp	r3, #0
100017b0:	d001      	beq.n	100017b6 <stdio_put_string+0xbe>
100017b2:	42a3      	cmp	r3, r4
100017b4:	d1f3      	bne.n	1000179e <stdio_put_string+0xa6>
100017b6:	002a      	movs	r2, r5
100017b8:	4641      	mov	r1, r8
100017ba:	0020      	movs	r0, r4
100017bc:	47b0      	blx	r6
100017be:	466b      	mov	r3, sp
100017c0:	465a      	mov	r2, fp
100017c2:	0020      	movs	r0, r4
100017c4:	71da      	strb	r2, [r3, #7]
100017c6:	1dd9      	adds	r1, r3, #7
100017c8:	2201      	movs	r2, #1
100017ca:	47b0      	blx	r6
100017cc:	e7e7      	b.n	1000179e <stdio_put_string+0xa6>
100017ce:	4650      	mov	r0, sl
100017d0:	f000 fa3e 	bl	10001c50 <__mutex_exit_veneer>
100017d4:	e7d4      	b.n	10001780 <stdio_put_string+0x88>
100017d6:	46c0      	nop			@ (mov r8, r8)
100017d8:	000f4240 	.word	0x000f4240
100017dc:	7fffffff 	.word	0x7fffffff
100017e0:	2000023c 	.word	0x2000023c
100017e4:	10001649 	.word	0x10001649
100017e8:	20000794 	.word	0x20000794
100017ec:	20000798 	.word	0x20000798
100017f0:	10001639 	.word	0x10001639

100017f4 <stdio_set_driver_enabled>:
100017f4:	4a0a      	ldr	r2, [pc, #40]	@ (10001820 <stdio_set_driver_enabled+0x2c>)
100017f6:	6813      	ldr	r3, [r2, #0]
100017f8:	2b00      	cmp	r3, #0
100017fa:	d105      	bne.n	10001808 <stdio_set_driver_enabled+0x14>
100017fc:	e00c      	b.n	10001818 <stdio_set_driver_enabled+0x24>
100017fe:	001a      	movs	r2, r3
10001800:	691b      	ldr	r3, [r3, #16]
10001802:	3210      	adds	r2, #16
10001804:	2b00      	cmp	r3, #0
10001806:	d007      	beq.n	10001818 <stdio_set_driver_enabled+0x24>
10001808:	4283      	cmp	r3, r0
1000180a:	d1f8      	bne.n	100017fe <stdio_set_driver_enabled+0xa>
1000180c:	2900      	cmp	r1, #0
1000180e:	d102      	bne.n	10001816 <stdio_set_driver_enabled+0x22>
10001810:	6918      	ldr	r0, [r3, #16]
10001812:	6010      	str	r0, [r2, #0]
10001814:	6119      	str	r1, [r3, #16]
10001816:	4770      	bx	lr
10001818:	2900      	cmp	r1, #0
1000181a:	d0fc      	beq.n	10001816 <stdio_set_driver_enabled+0x22>
1000181c:	6010      	str	r0, [r2, #0]
1000181e:	e7fa      	b.n	10001816 <stdio_set_driver_enabled+0x22>
10001820:	20000794 	.word	0x20000794

10001824 <stdio_init_all>:
10001824:	b510      	push	{r4, lr}
10001826:	f000 f939 	bl	10001a9c <stdio_uart_init>
1000182a:	2001      	movs	r0, #1
1000182c:	bd10      	pop	{r4, pc}
1000182e:	46c0      	nop			@ (mov r8, r8)

10001830 <__wrap_putchar>:
10001830:	b5f0      	push	{r4, r5, r6, r7, lr}
10001832:	46ce      	mov	lr, r9
10001834:	4647      	mov	r7, r8
10001836:	b580      	push	{r7, lr}
10001838:	b083      	sub	sp, #12
1000183a:	466b      	mov	r3, sp
1000183c:	0006      	movs	r6, r0
1000183e:	1ddd      	adds	r5, r3, #7
10001840:	7028      	strb	r0, [r5, #0]
10001842:	f7ff fa97 	bl	10000d74 <time_us_64>
10001846:	2300      	movs	r3, #0
10001848:	4a19      	ldr	r2, [pc, #100]	@ (100018b0 <__wrap_putchar+0x80>)
1000184a:	1812      	adds	r2, r2, r0
1000184c:	414b      	adcs	r3, r1
1000184e:	2b00      	cmp	r3, #0
10001850:	da02      	bge.n	10001858 <__wrap_putchar+0x28>
10001852:	2201      	movs	r2, #1
10001854:	4b17      	ldr	r3, [pc, #92]	@ (100018b4 <__wrap_putchar+0x84>)
10001856:	4252      	negs	r2, r2
10001858:	4917      	ldr	r1, [pc, #92]	@ (100018b8 <__wrap_putchar+0x88>)
1000185a:	0008      	movs	r0, r1
1000185c:	4688      	mov	r8, r1
1000185e:	f000 fa07 	bl	10001c70 <__mutex_try_enter_block_until_veneer>
10001862:	4b16      	ldr	r3, [pc, #88]	@ (100018bc <__wrap_putchar+0x8c>)
10001864:	4681      	mov	r9, r0
10001866:	681c      	ldr	r4, [r3, #0]
10001868:	2c00      	cmp	r4, #0
1000186a:	d014      	beq.n	10001896 <__wrap_putchar+0x66>
1000186c:	4f14      	ldr	r7, [pc, #80]	@ (100018c0 <__wrap_putchar+0x90>)
1000186e:	e002      	b.n	10001876 <__wrap_putchar+0x46>
10001870:	6924      	ldr	r4, [r4, #16]
10001872:	2c00      	cmp	r4, #0
10001874:	d00f      	beq.n	10001896 <__wrap_putchar+0x66>
10001876:	6823      	ldr	r3, [r4, #0]
10001878:	2b00      	cmp	r3, #0
1000187a:	d0f9      	beq.n	10001870 <__wrap_putchar+0x40>
1000187c:	683b      	ldr	r3, [r7, #0]
1000187e:	2b00      	cmp	r3, #0
10001880:	d001      	beq.n	10001886 <__wrap_putchar+0x56>
10001882:	429c      	cmp	r4, r3
10001884:	d1f4      	bne.n	10001870 <__wrap_putchar+0x40>
10001886:	0020      	movs	r0, r4
10001888:	2201      	movs	r2, #1
1000188a:	0029      	movs	r1, r5
1000188c:	f7ff fedc 	bl	10001648 <stdio_out_chars_crlf>
10001890:	6924      	ldr	r4, [r4, #16]
10001892:	2c00      	cmp	r4, #0
10001894:	d1ef      	bne.n	10001876 <__wrap_putchar+0x46>
10001896:	464b      	mov	r3, r9
10001898:	2b00      	cmp	r3, #0
1000189a:	d105      	bne.n	100018a8 <__wrap_putchar+0x78>
1000189c:	0030      	movs	r0, r6
1000189e:	b003      	add	sp, #12
100018a0:	bcc0      	pop	{r6, r7}
100018a2:	46b9      	mov	r9, r7
100018a4:	46b0      	mov	r8, r6
100018a6:	bdf0      	pop	{r4, r5, r6, r7, pc}
100018a8:	4640      	mov	r0, r8
100018aa:	f000 f9d1 	bl	10001c50 <__mutex_exit_veneer>
100018ae:	e7f5      	b.n	1000189c <__wrap_putchar+0x6c>
100018b0:	000f4240 	.word	0x000f4240
100018b4:	7fffffff 	.word	0x7fffffff
100018b8:	2000023c 	.word	0x2000023c
100018bc:	20000794 	.word	0x20000794
100018c0:	20000798 	.word	0x20000798

100018c4 <__wrap_puts>:
100018c4:	b570      	push	{r4, r5, r6, lr}
100018c6:	0004      	movs	r4, r0
100018c8:	f000 f930 	bl	10001b2c <strlen>
100018cc:	2301      	movs	r3, #1
100018ce:	0001      	movs	r1, r0
100018d0:	0005      	movs	r5, r0
100018d2:	2201      	movs	r2, #1
100018d4:	0020      	movs	r0, r4
100018d6:	f7ff ff0f 	bl	100016f8 <stdio_put_string>
100018da:	4b08      	ldr	r3, [pc, #32]	@ (100018fc <__wrap_puts+0x38>)
100018dc:	681c      	ldr	r4, [r3, #0]
100018de:	2c00      	cmp	r4, #0
100018e0:	d006      	beq.n	100018f0 <__wrap_puts+0x2c>
100018e2:	6863      	ldr	r3, [r4, #4]
100018e4:	2b00      	cmp	r3, #0
100018e6:	d005      	beq.n	100018f4 <__wrap_puts+0x30>
100018e8:	4798      	blx	r3
100018ea:	6924      	ldr	r4, [r4, #16]
100018ec:	2c00      	cmp	r4, #0
100018ee:	d1f8      	bne.n	100018e2 <__wrap_puts+0x1e>
100018f0:	0028      	movs	r0, r5
100018f2:	bd70      	pop	{r4, r5, r6, pc}
100018f4:	6924      	ldr	r4, [r4, #16]
100018f6:	2c00      	cmp	r4, #0
100018f8:	d1f3      	bne.n	100018e2 <__wrap_puts+0x1e>
100018fa:	e7f9      	b.n	100018f0 <__wrap_puts+0x2c>
100018fc:	20000794 	.word	0x20000794

10001900 <stdio_uart_out_chars>:
10001900:	b5f0      	push	{r4, r5, r6, r7, lr}
10001902:	2900      	cmp	r1, #0
10001904:	dd15      	ble.n	10001932 <stdio_uart_out_chars+0x32>
10001906:	4b0e      	ldr	r3, [pc, #56]	@ (10001940 <stdio_uart_out_chars+0x40>)
10001908:	270d      	movs	r7, #13
1000190a:	681a      	ldr	r2, [r3, #0]
1000190c:	4b0d      	ldr	r3, [pc, #52]	@ (10001944 <stdio_uart_out_chars+0x44>)
1000190e:	4c0e      	ldr	r4, [pc, #56]	@ (10001948 <stdio_uart_out_chars+0x48>)
10001910:	18d3      	adds	r3, r2, r3
10001912:	425d      	negs	r5, r3
10001914:	416b      	adcs	r3, r5
10001916:	1845      	adds	r5, r0, r1
10001918:	2120      	movs	r1, #32
1000191a:	005b      	lsls	r3, r3, #1
1000191c:	5f1e      	ldrsh	r6, [r3, r4]
1000191e:	7804      	ldrb	r4, [r0, #0]
10001920:	42a6      	cmp	r6, r4
10001922:	d007      	beq.n	10001934 <stdio_uart_out_chars+0x34>
10001924:	6993      	ldr	r3, [r2, #24]
10001926:	4219      	tst	r1, r3
10001928:	d1fc      	bne.n	10001924 <stdio_uart_out_chars+0x24>
1000192a:	3001      	adds	r0, #1
1000192c:	6014      	str	r4, [r2, #0]
1000192e:	42a8      	cmp	r0, r5
10001930:	d1f5      	bne.n	1000191e <stdio_uart_out_chars+0x1e>
10001932:	bdf0      	pop	{r4, r5, r6, r7, pc}
10001934:	6993      	ldr	r3, [r2, #24]
10001936:	4219      	tst	r1, r3
10001938:	d1fc      	bne.n	10001934 <stdio_uart_out_chars+0x34>
1000193a:	6017      	str	r7, [r2, #0]
1000193c:	e7f2      	b.n	10001924 <stdio_uart_out_chars+0x24>
1000193e:	46c0      	nop			@ (mov r8, r8)
10001940:	200007d4 	.word	0x200007d4
10001944:	bffc8000 	.word	0xbffc8000
10001948:	200007d0 	.word	0x200007d0

1000194c <stdio_uart_in_chars>:
1000194c:	4b20      	ldr	r3, [pc, #128]	@ (100019d0 <stdio_uart_in_chars+0x84>)
1000194e:	b570      	push	{r4, r5, r6, lr}
10001950:	0004      	movs	r4, r0
10001952:	1e0d      	subs	r5, r1, #0
10001954:	681e      	ldr	r6, [r3, #0]
10001956:	dd2a      	ble.n	100019ae <stdio_uart_in_chars+0x62>
10001958:	2000      	movs	r0, #0
1000195a:	2110      	movs	r1, #16
1000195c:	4b1d      	ldr	r3, [pc, #116]	@ (100019d4 <stdio_uart_in_chars+0x88>)
1000195e:	3c01      	subs	r4, #1
10001960:	681a      	ldr	r2, [r3, #0]
10001962:	6993      	ldr	r3, [r2, #24]
10001964:	4219      	tst	r1, r3
10001966:	d114      	bne.n	10001992 <stdio_uart_in_chars+0x46>
10001968:	3001      	adds	r0, #1
1000196a:	6993      	ldr	r3, [r2, #24]
1000196c:	4219      	tst	r1, r3
1000196e:	d1fc      	bne.n	1000196a <stdio_uart_in_chars+0x1e>
10001970:	6813      	ldr	r3, [r2, #0]
10001972:	5423      	strb	r3, [r4, r0]
10001974:	4285      	cmp	r5, r0
10001976:	d1f4      	bne.n	10001962 <stdio_uart_in_chars+0x16>
10001978:	2e00      	cmp	r6, #0
1000197a:	d008      	beq.n	1000198e <stdio_uart_in_chars+0x42>
1000197c:	2350      	movs	r3, #80	@ 0x50
1000197e:	6393      	str	r3, [r2, #56]	@ 0x38
10001980:	6b51      	ldr	r1, [r2, #52]	@ 0x34
10001982:	3b18      	subs	r3, #24
10001984:	400b      	ands	r3, r1
10001986:	4914      	ldr	r1, [pc, #80]	@ (100019d8 <stdio_uart_in_chars+0x8c>)
10001988:	468c      	mov	ip, r1
1000198a:	4462      	add	r2, ip
1000198c:	6013      	str	r3, [r2, #0]
1000198e:	0028      	movs	r0, r5
10001990:	bd70      	pop	{r4, r5, r6, pc}
10001992:	2e00      	cmp	r6, #0
10001994:	d008      	beq.n	100019a8 <stdio_uart_in_chars+0x5c>
10001996:	2350      	movs	r3, #80	@ 0x50
10001998:	6393      	str	r3, [r2, #56]	@ 0x38
1000199a:	6b51      	ldr	r1, [r2, #52]	@ 0x34
1000199c:	3b18      	subs	r3, #24
1000199e:	400b      	ands	r3, r1
100019a0:	490d      	ldr	r1, [pc, #52]	@ (100019d8 <stdio_uart_in_chars+0x8c>)
100019a2:	468c      	mov	ip, r1
100019a4:	4462      	add	r2, ip
100019a6:	6013      	str	r3, [r2, #0]
100019a8:	2800      	cmp	r0, #0
100019aa:	d1f1      	bne.n	10001990 <stdio_uart_in_chars+0x44>
100019ac:	e00c      	b.n	100019c8 <stdio_uart_in_chars+0x7c>
100019ae:	2e00      	cmp	r6, #0
100019b0:	d00a      	beq.n	100019c8 <stdio_uart_in_chars+0x7c>
100019b2:	2250      	movs	r2, #80	@ 0x50
100019b4:	4b07      	ldr	r3, [pc, #28]	@ (100019d4 <stdio_uart_in_chars+0x88>)
100019b6:	681b      	ldr	r3, [r3, #0]
100019b8:	639a      	str	r2, [r3, #56]	@ 0x38
100019ba:	6b59      	ldr	r1, [r3, #52]	@ 0x34
100019bc:	3a18      	subs	r2, #24
100019be:	400a      	ands	r2, r1
100019c0:	4905      	ldr	r1, [pc, #20]	@ (100019d8 <stdio_uart_in_chars+0x8c>)
100019c2:	468c      	mov	ip, r1
100019c4:	4463      	add	r3, ip
100019c6:	601a      	str	r2, [r3, #0]
100019c8:	2003      	movs	r0, #3
100019ca:	4240      	negs	r0, r0
100019cc:	e7e0      	b.n	10001990 <stdio_uart_in_chars+0x44>
100019ce:	46c0      	nop			@ (mov r8, r8)
100019d0:	20000760 	.word	0x20000760
100019d4:	200007d4 	.word	0x200007d4
100019d8:	00001034 	.word	0x00001034

100019dc <on_uart_rx>:
100019dc:	4b06      	ldr	r3, [pc, #24]	@ (100019f8 <on_uart_rx+0x1c>)
100019de:	b510      	push	{r4, lr}
100019e0:	681b      	ldr	r3, [r3, #0]
100019e2:	2b00      	cmp	r3, #0
100019e4:	d006      	beq.n	100019f4 <on_uart_rx+0x18>
100019e6:	2100      	movs	r1, #0
100019e8:	4a04      	ldr	r2, [pc, #16]	@ (100019fc <on_uart_rx+0x20>)
100019ea:	6812      	ldr	r2, [r2, #0]
100019ec:	6391      	str	r1, [r2, #56]	@ 0x38
100019ee:	4a04      	ldr	r2, [pc, #16]	@ (10001a00 <on_uart_rx+0x24>)
100019f0:	6810      	ldr	r0, [r2, #0]
100019f2:	4798      	blx	r3
100019f4:	bd10      	pop	{r4, pc}
100019f6:	46c0      	nop			@ (mov r8, r8)
100019f8:	20000760 	.word	0x20000760
100019fc:	200007d4 	.word	0x200007d4
10001a00:	20000764 	.word	0x20000764

10001a04 <stdio_uart_out_flush>:
10001a04:	2208      	movs	r2, #8
10001a06:	4b03      	ldr	r3, [pc, #12]	@ (10001a14 <stdio_uart_out_flush+0x10>)
10001a08:	6819      	ldr	r1, [r3, #0]
10001a0a:	698b      	ldr	r3, [r1, #24]
10001a0c:	421a      	tst	r2, r3
10001a0e:	d1fc      	bne.n	10001a0a <stdio_uart_out_flush+0x6>
10001a10:	4770      	bx	lr
10001a12:	46c0      	nop			@ (mov r8, r8)
10001a14:	200007d4 	.word	0x200007d4

10001a18 <stdio_uart_set_chars_available_callback>:
10001a18:	b5f8      	push	{r3, r4, r5, r6, r7, lr}
10001a1a:	4f1a      	ldr	r7, [pc, #104]	@ (10001a84 <stdio_uart_set_chars_available_callback+0x6c>)
10001a1c:	4b1a      	ldr	r3, [pc, #104]	@ (10001a88 <stdio_uart_set_chars_available_callback+0x70>)
10001a1e:	683a      	ldr	r2, [r7, #0]
10001a20:	0005      	movs	r5, r0
10001a22:	18d3      	adds	r3, r2, r3
10001a24:	4258      	negs	r0, r3
10001a26:	4143      	adcs	r3, r0
10001a28:	4e18      	ldr	r6, [pc, #96]	@ (10001a8c <stdio_uart_set_chars_available_callback+0x74>)
10001a2a:	3314      	adds	r3, #20
10001a2c:	001c      	movs	r4, r3
10001a2e:	6833      	ldr	r3, [r6, #0]
10001a30:	2d00      	cmp	r5, #0
10001a32:	d002      	beq.n	10001a3a <stdio_uart_set_chars_available_callback+0x22>
10001a34:	2b00      	cmp	r3, #0
10001a36:	d00f      	beq.n	10001a58 <stdio_uart_set_chars_available_callback+0x40>
10001a38:	bdf8      	pop	{r3, r4, r5, r6, r7, pc}
10001a3a:	2b00      	cmp	r3, #0
10001a3c:	d0fc      	beq.n	10001a38 <stdio_uart_set_chars_available_callback+0x20>
10001a3e:	2100      	movs	r1, #0
10001a40:	0020      	movs	r0, r4
10001a42:	6395      	str	r5, [r2, #56]	@ 0x38
10001a44:	f7fe fcb6 	bl	100003b4 <irq_set_enabled>
10001a48:	0020      	movs	r0, r4
10001a4a:	4911      	ldr	r1, [pc, #68]	@ (10001a90 <stdio_uart_set_chars_available_callback+0x78>)
10001a4c:	f7fe fcee 	bl	1000042c <irq_remove_handler>
10001a50:	4b10      	ldr	r3, [pc, #64]	@ (10001a94 <stdio_uart_set_chars_available_callback+0x7c>)
10001a52:	6035      	str	r5, [r6, #0]
10001a54:	601d      	str	r5, [r3, #0]
10001a56:	e7ef      	b.n	10001a38 <stdio_uart_set_chars_available_callback+0x20>
10001a58:	4b0e      	ldr	r3, [pc, #56]	@ (10001a94 <stdio_uart_set_chars_available_callback+0x7c>)
10001a5a:	0020      	movs	r0, r4
10001a5c:	6019      	str	r1, [r3, #0]
10001a5e:	490c      	ldr	r1, [pc, #48]	@ (10001a90 <stdio_uart_set_chars_available_callback+0x78>)
10001a60:	6035      	str	r5, [r6, #0]
10001a62:	f7fe fcb9 	bl	100003d8 <irq_set_exclusive_handler>
10001a66:	2101      	movs	r1, #1
10001a68:	0020      	movs	r0, r4
10001a6a:	f7fe fca3 	bl	100003b4 <irq_set_enabled>
10001a6e:	2250      	movs	r2, #80	@ 0x50
10001a70:	683b      	ldr	r3, [r7, #0]
10001a72:	639a      	str	r2, [r3, #56]	@ 0x38
10001a74:	6b59      	ldr	r1, [r3, #52]	@ 0x34
10001a76:	3a18      	subs	r2, #24
10001a78:	400a      	ands	r2, r1
10001a7a:	4907      	ldr	r1, [pc, #28]	@ (10001a98 <stdio_uart_set_chars_available_callback+0x80>)
10001a7c:	468c      	mov	ip, r1
10001a7e:	4463      	add	r3, ip
10001a80:	601a      	str	r2, [r3, #0]
10001a82:	e7d9      	b.n	10001a38 <stdio_uart_set_chars_available_callback+0x20>
10001a84:	200007d4 	.word	0x200007d4
10001a88:	bffc8000 	.word	0xbffc8000
10001a8c:	20000760 	.word	0x20000760
10001a90:	100019dd 	.word	0x100019dd
10001a94:	20000764 	.word	0x20000764
10001a98:	00001034 	.word	0x00001034

10001a9c <stdio_uart_init>:
10001a9c:	4b0d      	ldr	r3, [pc, #52]	@ (10001ad4 <stdio_uart_init+0x38>)
10001a9e:	b510      	push	{r4, lr}
10001aa0:	781b      	ldrb	r3, [r3, #0]
10001aa2:	4b0d      	ldr	r3, [pc, #52]	@ (10001ad8 <stdio_uart_init+0x3c>)
10001aa4:	4c0d      	ldr	r4, [pc, #52]	@ (10001adc <stdio_uart_init+0x40>)
10001aa6:	781b      	ldrb	r3, [r3, #0]
10001aa8:	4b0d      	ldr	r3, [pc, #52]	@ (10001ae0 <stdio_uart_init+0x44>)
10001aaa:	2102      	movs	r1, #2
10001aac:	781b      	ldrb	r3, [r3, #0]
10001aae:	4b0d      	ldr	r3, [pc, #52]	@ (10001ae4 <stdio_uart_init+0x48>)
10001ab0:	2000      	movs	r0, #0
10001ab2:	6023      	str	r3, [r4, #0]
10001ab4:	f7fe fbfe 	bl	100002b4 <gpio_set_function>
10001ab8:	2102      	movs	r1, #2
10001aba:	2001      	movs	r0, #1
10001abc:	f7fe fbfa 	bl	100002b4 <gpio_set_function>
10001ac0:	21e1      	movs	r1, #225	@ 0xe1
10001ac2:	6820      	ldr	r0, [r4, #0]
10001ac4:	0249      	lsls	r1, r1, #9
10001ac6:	f7ff f993 	bl	10000df0 <uart_init>
10001aca:	2101      	movs	r1, #1
10001acc:	4806      	ldr	r0, [pc, #24]	@ (10001ae8 <stdio_uart_init+0x4c>)
10001ace:	f7ff fe91 	bl	100017f4 <stdio_set_driver_enabled>
10001ad2:	bd10      	pop	{r4, pc}
10001ad4:	10001e08 	.word	0x10001e08
10001ad8:	10001e04 	.word	0x10001e04
10001adc:	200007d4 	.word	0x200007d4
10001ae0:	10001e00 	.word	0x10001e00
10001ae4:	40034000 	.word	0x40034000
10001ae8:	20000220 	.word	0x20000220

10001aec <atexit>:
10001aec:	b510      	push	{r4, lr}
10001aee:	0001      	movs	r1, r0
10001af0:	2300      	movs	r3, #0
10001af2:	2200      	movs	r2, #0
10001af4:	2000      	movs	r0, #0
10001af6:	f000 f847 	bl	10001b88 <__register_exitproc>
10001afa:	bd10      	pop	{r4, pc}

10001afc <__libc_fini_array>:
10001afc:	b570      	push	{r4, r5, r6, lr}
10001afe:	4c07      	ldr	r4, [pc, #28]	@ (10001b1c <__libc_fini_array+0x20>)
10001b00:	4d07      	ldr	r5, [pc, #28]	@ (10001b20 <__libc_fini_array+0x24>)
10001b02:	1b64      	subs	r4, r4, r5
10001b04:	10a4      	asrs	r4, r4, #2
10001b06:	d005      	beq.n	10001b14 <__libc_fini_array+0x18>
10001b08:	3c01      	subs	r4, #1
10001b0a:	00a3      	lsls	r3, r4, #2
10001b0c:	58eb      	ldr	r3, [r5, r3]
10001b0e:	4798      	blx	r3
10001b10:	2c00      	cmp	r4, #0
10001b12:	d1f9      	bne.n	10001b08 <__libc_fini_array+0xc>
10001b14:	f000 f898 	bl	10001c48 <_fini>
10001b18:	bd70      	pop	{r4, r5, r6, pc}
10001b1a:	46c0      	nop			@ (mov r8, r8)
10001b1c:	10001cc4 	.word	0x10001cc4
10001b20:	10001cc4 	.word	0x10001cc4

10001b24 <__retarget_lock_acquire_recursive>:
10001b24:	4770      	bx	lr
10001b26:	46c0      	nop			@ (mov r8, r8)

10001b28 <__retarget_lock_release_recursive>:
10001b28:	4770      	bx	lr
10001b2a:	46c0      	nop			@ (mov r8, r8)

10001b2c <strlen>:
10001b2c:	b510      	push	{r4, lr}
10001b2e:	0783      	lsls	r3, r0, #30
10001b30:	d00a      	beq.n	10001b48 <strlen+0x1c>
10001b32:	0003      	movs	r3, r0
10001b34:	2103      	movs	r1, #3
10001b36:	e002      	b.n	10001b3e <strlen+0x12>
10001b38:	3301      	adds	r3, #1
10001b3a:	420b      	tst	r3, r1
10001b3c:	d005      	beq.n	10001b4a <strlen+0x1e>
10001b3e:	781a      	ldrb	r2, [r3, #0]
10001b40:	2a00      	cmp	r2, #0
10001b42:	d1f9      	bne.n	10001b38 <strlen+0xc>
10001b44:	1a18      	subs	r0, r3, r0
10001b46:	bd10      	pop	{r4, pc}
10001b48:	0003      	movs	r3, r0
10001b4a:	6819      	ldr	r1, [r3, #0]
10001b4c:	4a0c      	ldr	r2, [pc, #48]	@ (10001b80 <strlen+0x54>)
10001b4e:	4c0d      	ldr	r4, [pc, #52]	@ (10001b84 <strlen+0x58>)
10001b50:	188a      	adds	r2, r1, r2
10001b52:	438a      	bics	r2, r1
10001b54:	4222      	tst	r2, r4
10001b56:	d10f      	bne.n	10001b78 <strlen+0x4c>
10001b58:	6859      	ldr	r1, [r3, #4]
10001b5a:	4a09      	ldr	r2, [pc, #36]	@ (10001b80 <strlen+0x54>)
10001b5c:	3304      	adds	r3, #4
10001b5e:	188a      	adds	r2, r1, r2
10001b60:	438a      	bics	r2, r1
10001b62:	4222      	tst	r2, r4
10001b64:	d108      	bne.n	10001b78 <strlen+0x4c>
10001b66:	6859      	ldr	r1, [r3, #4]
10001b68:	4a05      	ldr	r2, [pc, #20]	@ (10001b80 <strlen+0x54>)
10001b6a:	3304      	adds	r3, #4
10001b6c:	188a      	adds	r2, r1, r2
10001b6e:	438a      	bics	r2, r1
10001b70:	4222      	tst	r2, r4
10001b72:	d0f1      	beq.n	10001b58 <strlen+0x2c>
10001b74:	e000      	b.n	10001b78 <strlen+0x4c>
10001b76:	3301      	adds	r3, #1
10001b78:	781a      	ldrb	r2, [r3, #0]
10001b7a:	2a00      	cmp	r2, #0
10001b7c:	d1fb      	bne.n	10001b76 <strlen+0x4a>
10001b7e:	e7e1      	b.n	10001b44 <strlen+0x18>
10001b80:	fefefeff 	.word	0xfefefeff
10001b84:	80808080 	.word	0x80808080

10001b88 <__register_exitproc>:
10001b88:	b5f0      	push	{r4, r5, r6, r7, lr}
10001b8a:	46d6      	mov	lr, sl
10001b8c:	464f      	mov	r7, r9
10001b8e:	4646      	mov	r6, r8
10001b90:	4698      	mov	r8, r3
10001b92:	4b24      	ldr	r3, [pc, #144]	@ (10001c24 <__register_exitproc+0x9c>)
10001b94:	b5c0      	push	{r6, r7, lr}
10001b96:	0006      	movs	r6, r0
10001b98:	6818      	ldr	r0, [r3, #0]
10001b9a:	469a      	mov	sl, r3
10001b9c:	000f      	movs	r7, r1
10001b9e:	4691      	mov	r9, r2
10001ba0:	f7ff ffc0 	bl	10001b24 <__retarget_lock_acquire_recursive>
10001ba4:	4b20      	ldr	r3, [pc, #128]	@ (10001c28 <__register_exitproc+0xa0>)
10001ba6:	681d      	ldr	r5, [r3, #0]
10001ba8:	2d00      	cmp	r5, #0
10001baa:	d032      	beq.n	10001c12 <__register_exitproc+0x8a>
10001bac:	4653      	mov	r3, sl
10001bae:	686c      	ldr	r4, [r5, #4]
10001bb0:	6818      	ldr	r0, [r3, #0]
10001bb2:	2c1f      	cmp	r4, #31
10001bb4:	dc30      	bgt.n	10001c18 <__register_exitproc+0x90>
10001bb6:	2e00      	cmp	r6, #0
10001bb8:	d10c      	bne.n	10001bd4 <__register_exitproc+0x4c>
10001bba:	1c63      	adds	r3, r4, #1
10001bbc:	3402      	adds	r4, #2
10001bbe:	00a4      	lsls	r4, r4, #2
10001bc0:	606b      	str	r3, [r5, #4]
10001bc2:	5167      	str	r7, [r4, r5]
10001bc4:	f7ff ffb0 	bl	10001b28 <__retarget_lock_release_recursive>
10001bc8:	2000      	movs	r0, #0
10001bca:	bce0      	pop	{r5, r6, r7}
10001bcc:	46ba      	mov	sl, r7
10001bce:	46b1      	mov	r9, r6
10001bd0:	46a8      	mov	r8, r5
10001bd2:	bdf0      	pop	{r4, r5, r6, r7, pc}
10001bd4:	4649      	mov	r1, r9
10001bd6:	2288      	movs	r2, #136	@ 0x88
10001bd8:	00a3      	lsls	r3, r4, #2
10001bda:	18eb      	adds	r3, r5, r3
10001bdc:	5099      	str	r1, [r3, r2]
10001bde:	21c4      	movs	r1, #196	@ 0xc4
10001be0:	0049      	lsls	r1, r1, #1
10001be2:	468c      	mov	ip, r1
10001be4:	44ac      	add	ip, r5
10001be6:	4661      	mov	r1, ip
10001be8:	3a87      	subs	r2, #135	@ 0x87
10001bea:	40a2      	lsls	r2, r4
10001bec:	6809      	ldr	r1, [r1, #0]
10001bee:	4691      	mov	r9, r2
10001bf0:	4311      	orrs	r1, r2
10001bf2:	4662      	mov	r2, ip
10001bf4:	6011      	str	r1, [r2, #0]
10001bf6:	2184      	movs	r1, #132	@ 0x84
10001bf8:	4642      	mov	r2, r8
10001bfa:	0049      	lsls	r1, r1, #1
10001bfc:	505a      	str	r2, [r3, r1]
10001bfe:	2e02      	cmp	r6, #2
10001c00:	d1db      	bne.n	10001bba <__register_exitproc+0x32>
10001c02:	0029      	movs	r1, r5
10001c04:	464a      	mov	r2, r9
10001c06:	318d      	adds	r1, #141	@ 0x8d
10001c08:	31ff      	adds	r1, #255	@ 0xff
10001c0a:	680b      	ldr	r3, [r1, #0]
10001c0c:	4313      	orrs	r3, r2
10001c0e:	600b      	str	r3, [r1, #0]
10001c10:	e7d3      	b.n	10001bba <__register_exitproc+0x32>
10001c12:	4d06      	ldr	r5, [pc, #24]	@ (10001c2c <__register_exitproc+0xa4>)
10001c14:	601d      	str	r5, [r3, #0]
10001c16:	e7c9      	b.n	10001bac <__register_exitproc+0x24>
10001c18:	f7ff ff86 	bl	10001b28 <__retarget_lock_release_recursive>
10001c1c:	2001      	movs	r0, #1
10001c1e:	4240      	negs	r0, r0
10001c20:	e7d3      	b.n	10001bca <__register_exitproc+0x42>
10001c22:	46c0      	nop			@ (mov r8, r8)
10001c24:	20000238 	.word	0x20000238
10001c28:	200005c8 	.word	0x200005c8
10001c2c:	200005cc 	.word	0x200005cc

10001c30 <register_fini>:
10001c30:	4b03      	ldr	r3, [pc, #12]	@ (10001c40 <register_fini+0x10>)
10001c32:	b510      	push	{r4, lr}
10001c34:	2b00      	cmp	r3, #0
10001c36:	d002      	beq.n	10001c3e <register_fini+0xe>
10001c38:	4802      	ldr	r0, [pc, #8]	@ (10001c44 <register_fini+0x14>)
10001c3a:	f7ff ff57 	bl	10001aec <atexit>
10001c3e:	bd10      	pop	{r4, pc}
10001c40:	00000000 	.word	0x00000000
10001c44:	10001afd 	.word	0x10001afd

10001c48 <_fini>:
10001c48:	b5f8      	push	{r3, r4, r5, r6, r7, lr}
10001c4a:	46c0      	nop			@ (mov r8, r8)
10001c4c:	0000      	movs	r0, r0
	...

10001c50 <__mutex_exit_veneer>:
10001c50:	b401      	push	{r0}
10001c52:	4802      	ldr	r0, [pc, #8]	@ (10001c5c <__mutex_exit_veneer+0xc>)
10001c54:	4684      	mov	ip, r0
10001c56:	bc01      	pop	{r0}
10001c58:	4760      	bx	ip
10001c5a:	bf00      	nop
10001c5c:	20000159 	.word	0x20000159

10001c60 <____aeabi_idiv0_veneer>:
10001c60:	b401      	push	{r0}
10001c62:	4802      	ldr	r0, [pc, #8]	@ (10001c6c <____aeabi_idiv0_veneer+0xc>)
10001c64:	4684      	mov	ip, r0
10001c66:	bc01      	pop	{r0}
10001c68:	4760      	bx	ip
10001c6a:	bf00      	nop
10001c6c:	20000181 	.word	0x20000181

10001c70 <__mutex_try_enter_block_until_veneer>:
10001c70:	b401      	push	{r0}
10001c72:	4802      	ldr	r0, [pc, #8]	@ (10001c7c <__mutex_try_enter_block_until_veneer+0xc>)
10001c74:	4684      	mov	ip, r0
10001c76:	bc01      	pop	{r0}
10001c78:	4760      	bx	ip
10001c7a:	bf00      	nop
10001c7c:	200000c1 	.word	0x200000c1

10001c80 <__pre_init_runtime_init_early_resets>:
10001c80:	10001271                                q...

10001c84 <__pre_init_runtime_init_usb_power_down>:
10001c84:	1000129d 100013e9 100015a5 10001445     ............E...
10001c94:	10001515                                ....

10001c98 <__pre_init_runtime_init_clocks>:
10001c98:	10001311                                ....

10001c9c <__pre_init_runtime_init_post_clock_resets>:
10001c9c:	100012b9                                ....

10001ca0 <__pre_init_runtime_init_rp2040_gpio_ie_disable>:
10001ca0:	100012d9                                ....

10001ca4 <__pre_init_runtime_init_spin_locks_reset>:
10001ca4:	100012ed                                ....

10001ca8 <__pre_init_runtime_init_mutex>:
10001ca8:	100006c5                                ....

10001cac <__pre_init_runtime_init_install_ram_vector_table>:
10001cac:	100012f5                                ....

10001cb0 <__pre_init_runtime_init_default_alarm_pool>:
10001cb0:	10000a45                                E...

10001cb4 <__pre_init_first_per_core_initializer>:
10001cb4:	10001239                                9...

10001cb8 <__pre_init_runtime_init_per_core_irq_priorities>:
10001cb8:	10000391                                ....

10001cbc <__init_array_start>:
10001cbc:	10001c31 	.word	0x10001c31

10001cc0 <__frame_dummy_init_array_entry>:
10001cc0:	10000289                                ....

Disassembly of section .data:

200000c0 <mutex_try_enter_block_until>:
200000c0:	b5f0      	push	{r4, r5, r6, r7, lr}
200000c2:	46c6      	mov	lr, r8
200000c4:	0015      	movs	r5, r2
200000c6:	b500      	push	{lr}
200000c8:	0004      	movs	r4, r0
200000ca:	001e      	movs	r6, r3
200000cc:	6802      	ldr	r2, [r0, #0]
200000ce:	f3ef 8110 	mrs	r1, PRIMASK
200000d2:	b672      	cpsid	i
200000d4:	6813      	ldr	r3, [r2, #0]
200000d6:	2b00      	cmp	r3, #0
200000d8:	d0fc      	beq.n	200000d4 <mutex_try_enter_block_until+0x14>
200000da:	f3bf 8f5f 	dmb	sy
200000de:	2304      	movs	r3, #4
200000e0:	56e3      	ldrsb	r3, [r4, r3]
200000e2:	6822      	ldr	r2, [r4, #0]
200000e4:	2b00      	cmp	r3, #0
200000e6:	db2b      	blt.n	20000140 <mutex_try_enter_block_until+0x80>
200000e8:	f3bf 8f5f 	dmb	sy
200000ec:	2000      	movs	r0, #0
200000ee:	6010      	str	r0, [r2, #0]
200000f0:	f381 8810 	msr	PRIMASK, r1
200000f4:	22d0      	movs	r2, #208	@ 0xd0
200000f6:	0612      	lsls	r2, r2, #24
200000f8:	7812      	ldrb	r2, [r2, #0]
200000fa:	2700      	movs	r7, #0
200000fc:	b252      	sxtb	r2, r2
200000fe:	4690      	mov	r8, r2
20000100:	429a      	cmp	r2, r3
20000102:	d10e      	bne.n	20000122 <mutex_try_enter_block_until+0x62>
20000104:	2000      	movs	r0, #0
20000106:	bc80      	pop	{r7}
20000108:	46b8      	mov	r8, r7
2000010a:	bdf0      	pop	{r4, r5, r6, r7, pc}
2000010c:	f3bf 8f5f 	dmb	sy
20000110:	6017      	str	r7, [r2, #0]
20000112:	f381 8810 	msr	PRIMASK, r1
20000116:	0028      	movs	r0, r5
20000118:	0031      	movs	r1, r6
2000011a:	f000 f835 	bl	20000188 <__best_effort_wfe_or_timeout_veneer>
2000011e:	2800      	cmp	r0, #0
20000120:	d1f0      	bne.n	20000104 <mutex_try_enter_block_until+0x44>
20000122:	6822      	ldr	r2, [r4, #0]
20000124:	f3ef 8110 	mrs	r1, PRIMASK
20000128:	b672      	cpsid	i
2000012a:	6813      	ldr	r3, [r2, #0]
2000012c:	2b00      	cmp	r3, #0
2000012e:	d0fc      	beq.n	2000012a <mutex_try_enter_block_until+0x6a>
20000130:	f3bf 8f5f 	dmb	sy
20000134:	7923      	ldrb	r3, [r4, #4]
20000136:	6822      	ldr	r2, [r4, #0]
20000138:	2b7f      	cmp	r3, #127	@ 0x7f
2000013a:	d9e7      	bls.n	2000010c <mutex_try_enter_block_until+0x4c>
2000013c:	4643      	mov	r3, r8
2000013e:	e002      	b.n	20000146 <mutex_try_enter_block_until+0x86>
20000140:	23d0      	movs	r3, #208	@ 0xd0
20000142:	061b      	lsls	r3, r3, #24
20000144:	681b      	ldr	r3, [r3, #0]
20000146:	7123      	strb	r3, [r4, #4]
20000148:	f3bf 8f5f 	dmb	sy
2000014c:	2300      	movs	r3, #0
2000014e:	6013      	str	r3, [r2, #0]
20000150:	f381 8810 	msr	PRIMASK, r1
20000154:	2001      	movs	r0, #1
20000156:	e7d6      	b.n	20000106 <mutex_try_enter_block_until+0x46>

20000158 <mutex_exit>:
20000158:	6802      	ldr	r2, [r0, #0]
2000015a:	f3ef 8110 	mrs	r1, PRIMASK
2000015e:	b672      	cpsid	i
20000160:	6813      	ldr	r3, [r2, #0]
20000162:	2b00      	cmp	r3, #0
20000164:	d0fc      	beq.n	20000160 <mutex_exit+0x8>
20000166:	f3bf 8f5f 	dmb	sy
2000016a:	23ff      	movs	r3, #255	@ 0xff
2000016c:	7103      	strb	r3, [r0, #4]
2000016e:	6803      	ldr	r3, [r0, #0]
20000170:	f3bf 8f5f 	dmb	sy
20000174:	2200      	movs	r2, #0
20000176:	601a      	str	r2, [r3, #0]
20000178:	f381 8810 	msr	PRIMASK, r1
2000017c:	bf40      	sev
2000017e:	4770      	bx	lr

20000180 <__aeabi_idiv0>:
20000180:	4770      	bx	lr
20000182:	46c0      	nop			@ (mov r8, r8)
20000184:	0000      	movs	r0, r0
	...

20000188 <__best_effort_wfe_or_timeout_veneer>:
20000188:	b401      	push	{r0}
2000018a:	4802      	ldr	r0, [pc, #8]	@ (20000194 <__best_effort_wfe_or_timeout_veneer+0xc>)
2000018c:	4684      	mov	ip, r0
2000018e:	bc01      	pop	{r0}
20000190:	4760      	bx	ip
20000192:	bf00      	nop
20000194:	10000c45 	.word	0x10000c45

20000198 <striped_spin_lock_num>:
20000198:	00000010                                ....

2000019c <irq_handler_chain_slots>:
2000019c:	00000000 	.word	0x00000000
200001a0:	00010000 	.word	0x00010000
	...
200001ac:	00020000 	.word	0x00020000
	...
200001b8:	00030000 	.word	0x00030000
	...
200001c4:	00ff0000 	.word	0x00ff0000
200001c8:	00000000 	.word	0x00000000

200001cc <irq_handler_chain_first_slot>:
200001cc:	b501      	push	{r0, lr}
200001ce:	6848      	ldr	r0, [r1, #4]
200001d0:	3101      	adds	r1, #1
200001d2:	468e      	mov	lr, r1
200001d4:	4700      	bx	r0

200001d6 <irq_handler_chain_remove_tail>:
200001d6:	4670      	mov	r0, lr
200001d8:	3809      	subs	r0, #9
200001da:	4901      	ldr	r1, [pc, #4]	@ (200001e0 <irq_handler_chain_remove_tail+0xa>)
200001dc:	4788      	blx	r1
200001de:	bd01      	pop	{r0, pc}
200001e0:	10000601 	.word	0x10000601

200001e4 <default_alarm_pool>:
	...
200001f8:	20000248 00000000                       H.. ....

20000200 <aeabi_bits_funcs>:
20000200:	00003350 	.word	0x00003350
20000204:	0000334c 	.word	0x0000334c
20000208:	00003354 	.word	0x00003354
2000020c:	00003352 	.word	0x00003352

20000210 <aeabi_bits_funcs_end>:
20000210:	0000534d 	.word	0x0000534d
20000214:	0000434d 	.word	0x0000434d
20000218:	00003453 	.word	0x00003453
2000021c:	00003443 	.word	0x00003443

20000220 <stdio_uart>:
20000220:	10001901 10001a05 1000194d 10001a19     ........M.......
20000230:	00000000 00000100                       ........

20000238 <__atexit_recursive_mutex>:
20000238:	2000075c                                \.. 

2000023c <print_mutex>:
	...
